Date,Fintech,S&P500,NASDAQ,EMCLOUD
2014-12-31,-0.32597944297620063,0.0,0.0,0.0
2015-01-02,-0.3308952662181417,-0.0006767458177050489,-0.0013343466632631529,-0.011136858852419218
2015-01-05,-0.3434672925593316,-0.018223586634418143,-0.016903658237076735,-0.02120153564140692
2015-01-06,-0.35350726349781825,-0.027069832708197072,-0.029744327576304297,-0.03202711583024931
2015-01-07,-0.34787165980814083,-0.015033467241772236,-0.01738518333729766,-0.02728876284024484
2015-01-08,-0.3345788844397023,0.0025625160971363137,0.0007522621043614119,0.0020406045723377897
2015-01-09,-0.33881878139678356,-0.005897102663465548,-0.006149597665473627,-0.002801507972192474
2015-01-12,-0.34697341170584617,-0.01343781546686873,-0.014335524369231134,-0.006813544080517264
2015-01-13,-0.34784181818357807,-0.016000331564005266,-0.015138066202932898,-0.005879708089786551
2015-01-14,-0.3534667556200879,-0.02194598467108555,-0.019792808838402953,-0.017915816414761587
2015-01-15,-0.3669090825795165,-0.03113030761442659,-0.034238561845034154,-0.039532390274271134
2015-01-16,-0.34920876893538977,-0.018707314834824906,-0.020755859038845026,-0.023657178431847226
2015-01-20,-0.3464539692436214,-0.016289857989952528,-0.0164221331368557,-0.024141389686300307
2015-01-21,-0.3499077935638435,-0.011456128457368875,-0.013853999269010098,-0.02275792895929163
2015-01-22,-0.33828739254705076,0.00304565221896258,0.00364141270568763,-0.006778957562342147
2015-01-23,-0.33190129842810534,-0.0023197638790619646,0.005246496373090936,0.007263168816795229
2015-01-26,-0.33097095809526644,0.00033866894814282844,0.008135646974417154,0.010445128488914879
2015-01-27,-0.3358452212110138,-0.01309973859730662,-0.01096484866768388,-0.0052917372808078955
2015-01-28,-0.34190903172629394,-0.02586140032505113,-0.02011382557188357,-0.019610555805347096
2015-01-29,-0.337673544090512,-0.016532018129446158,-0.010322815200722424,-0.005084218171756527
2015-01-30,-0.3564698267990467,-0.0290035613526628,-0.020595350672104717,-0.022688755922941284
2015-02-02,-0.3480442367174227,-0.017208763947150985,-0.011767390501385533,-0.007193995780444773
2015-02-03,-0.3377167786726336,-0.0032386698362606436,-0.001013329929782536,0.008819562134680048
2015-02-04,-0.33552772343232773,-0.006767458177049268,-0.0030999386974068788,0.022515823332065033
2015-02-05,-0.3245925695262073,0.0036258892280183197,0.007493613507455921,0.029744405630685256
2015-02-06,-0.3281314054829022,0.0003872193917577871,0.0031598876054665936,0.026562445958565384
2015-02-09,-0.3375483419562114,-0.003915415653965693,-0.0008528215630421165,0.015045135406218657
2015-02-10,-0.3309923210532725,0.006864559064279074,0.012308864509666284,0.033445163075433326
2015-02-11,-0.33319216274593966,0.007347695186105119,0.0153585234777327,0.03624667104762569
2015-02-12,-0.3185455988140987,0.01672562782532494,0.02723614261651841,0.04935496143603224
2015-02-13,-0.3166120670047119,0.02131778929699557,0.03494054422005499,0.08172794244803372
2015-02-17,-0.312307779120895,0.0231550091328121,0.0365456278874583,0.0826271919205892
2015-02-18,-0.3051871924977708,0.022961399436933316,0.03799020318812141,0.09130840798256834
2015-02-19,-0.2990748088582069,0.02213959436696422,0.04200291235663012,0.10019714315359884
2015-02-20,-0.2904899707666768,0.028375365978572598,0.04858375539298443,0.10908587832462913
2015-02-23,-0.28914137870671297,0.0280372891090106,0.04954487175768252,0.09407532943658548
2015-02-24,-0.2921062996145417,0.031130899693007308,0.05114995542508605,0.09698059696330374
2015-02-25,-0.2563525569421282,0.03035764506665317,0.05098944705834563,0.09957458582644496
2015-02-26,-0.2524526322117804,0.02919717104854147,0.055323172960334954,0.11057309860616349
2015-02-27,-0.26678114160332245,0.025813441960016892,0.050186905224643974,0.09891744198111585
2015-03-02,-0.2591169769239523,0.03233933207615314,0.05965689886232428,0.10707986027046656
2015-03-03,-0.25596107956542213,0.02769862016086777,0.05371808929293165,0.09559713623629507
2015-03-04,-0.2629663918044651,0.02339657719372501,0.05098944705834563,0.06754746999619554
2015-03-05,-0.25712180457625977,0.024459950324607016,0.054360122759893104,0.07660913775810174
2015-03-06,-0.268801741782705,0.010199737709188694,0.042644945823591573,0.057724898834434324
2015-03-09,-0.285684854048313,0.014405271867682146,0.04585511315839841,0.05675647632552838
2015-03-10,-0.2955228471995168,-0.002168191762410676,0.0285202095504411,0.04077750492857901
2015-03-11,-0.2888819160052355,-0.004302042967142539,0.026433600782816535,0.05226022896275029
2015-03-12,-0.2758183424234881,0.008121541891039863,0.035743086053756645,0.06830837339605011
2015-03-13,-0.27125205742820135,0.0019337286444656154,0.0310883434182867,0.06446926987860135
2015-03-16,-0.26892184932608887,0.01580731394670698,0.04344748765729323,0.0809324525300037
2015-03-17,-0.27447040769052944,0.012375034414567443,0.045052571324696755,0.09798360599038491
2015-03-18,-0.2719089341911154,0.02431489107234297,0.05468113949337372,0.1098467817244837
2015-03-19,-0.27536487120881437,0.019916339296551344,0.05676774826099806,0.11832047867741147
2015-03-20,-0.2682958708233617,0.0289070525440136,0.06399062476431361,0.11289039532390266
2015-03-23,-0.2660365994510061,0.027215484039041726,0.06078045742950677,0.1060768512433854
2015-03-24,-0.27471180821287466,0.020786102731554346,0.05724927336121932,0.09857157679936357
2015-03-25,-0.28205225619884344,0.00632103092722458,0.03221190198546897,0.059730916888596663
2015-03-26,-0.2832128830908174,0.0038437741457046926,0.029483259750883173,0.07045273752291359
2015-03-27,-0.27696273904434543,0.005883484856110011,0.03542206932027603,0.08190087503890986
2015-03-30,-0.27862408644525316,0.018123525354285075,0.04746019682580194,0.09452495417286344
2015-03-31,-0.2830004516995096,0.009429443475738042,0.03766918645464079,0.08439110434752517
2015-04-01,-0.2821760909498028,0.0062724804836098436,0.033335460552651464,0.07640161864905082
2015-04-02,-0.27624786529474565,0.00908899829185339,0.03478003585331457,0.0809324525300037
2015-04-06,-0.2752098522691456,0.016472218192798538,0.041200370522928464,0.09601217445439758
2015-04-07,-0.27101817540952944,0.013460314452934163,0.039755795222265355,0.09445578113651298
2015-04-08,-0.26336396045788124,0.01710337395979189,0.04842324702624401,0.10974302216995824
2015-04-09,-0.26221802093260504,0.02157179100810258,0.05339707255945081,0.1065956490160136
2015-04-10,-0.2590307946210568,0.02691470812006158,0.057891306828180555,0.11894303600456535
2015-04-13,-0.2628748256458453,0.022202946775095933,0.05612571479403683,0.11043475253346258
2015-04-14,-0.2628825932544977,0.024000497346007732,0.053878597659671845,0.10099263307162865
2015-04-15,-0.25876722276936526,0.02924572149215643,0.06094096579624719,0.11693701795040301
2015-04-16,-0.2580716640096734,0.02876021705600751,0.06029893232928574,0.12305883166741594
2015-04-17,-0.2698187230743937,0.01686062174171754,0.04408952112425468,0.0860858437381109
2015-04-20,-0.2626042259944512,0.026185859387257926,0.05740978172795952,0.10573098606163311
2015-04-21,-0.2550862723167303,0.025117157549150004,0.06158299926320865,0.1215716113858818
2015-04-22,-0.2527205782715958,0.03007167111219,0.06607723353193817,0.12243627434026205
2015-04-23,-0.2476942434833509,0.0326454367023592,0.07057146780066792,0.14284232006363928
2015-04-24,-0.26598918934739557,0.034928491709419696,0.0781153610374643,0.13623629509217294
2015-04-27,-0.26291196331868694,0.030848478210028007,0.07153451800110999,0.1279009442119463
2015-04-28,-0.2580040127482559,0.03366558809685216,0.07057146780066792,0.13028741396603616
2015-04-29,-0.25342727269673937,0.029634125041075432,0.06383011639757341,0.14612803929028462
2015-04-30,-0.2694156921366716,0.019240185557427125,0.046336638258619445,0.11766333483208236
2015-05-01,-0.2612686688325533,0.030265872886649392,0.0598174072290647,0.13187839380209598
2015-05-04,-0.24864792296916316,0.033568487209622466,0.0623855410969103,0.13972953342786965
2015-05-05,-0.2557511305222776,0.02162034145171754,0.04601562152513883,0.0900632933282608
2015-05-06,-0.2636329588379358,0.017394676621481198,0.04184240398988992,0.10237609379863732
2015-05-07,-0.270011101741636,0.02137758923364319,0.04794172192602297,0.1133400200601804
2015-05-08,-0.26797956530781386,0.034685739491345124,0.06013842396254554,0.12292048559471525
2015-05-11,-0.27288830081852966,0.02968267548469017,0.057891306828180555,0.12956109708435637
2015-05-12,-0.27513384623098347,0.02652571249256197,0.0545206311266333,0.1277971846574204
2015-05-13,-0.27486811088405483,0.02691470812006158,0.05564418969381557,0.1262407913395358
2015-05-14,-0.2673616948726495,0.0378912529270885,0.0702504510671873,0.14412202123612228
2015-05-15,-0.267551943775554,0.038959954765196425,0.06976892596696627,0.12720921384844197
2015-05-18,-0.26532001088409163,0.04201981687009515,0.07618926063657994,0.14574758759035733
2015-05-19,-0.27083108631180586,0.04182561509563554,0.07474468533591683,0.1426002144364127
2015-05-20,-0.26707345537274196,0.04080546370114235,0.07522621043613809,0.14343029087261794
2015-05-21,-0.26170365912907567,0.04381677536242612,0.07923891960464657,0.14668142358108827
2015-05-22,-0.2648604198671376,0.041631413321175925,0.07891790287116596,0.14515961678137868
2015-05-26,-0.27466323502526135,0.03031442333026435,0.06687977536564005,0.1354062186559679
2015-05-27,-0.2717077560995147,0.040174307934149,0.08277010367293425,0.13931449520976735
2015-05-28,-0.2786057473979108,0.03881430343435177,0.08084400327204988,0.1428769065818145
2015-05-29,-0.28134296760230815,0.032499785371514545,0.07490519370265725,0.13052951959326253
2015-06-01,-0.2793488917474074,0.034297335942426344,0.07779434430398346,0.12928440493895477
2015-06-02,-0.28008710010168647,0.03347138632239277,0.07634976900332036,0.12409642721267256
2015-06-03,-0.27997336403337303,0.03638559709644662,0.08132552837227114,0.14014457164597238
2015-06-04,-0.2844541300446173,0.028031368323203854,0.07281858493503268,0.12717462733026652
2015-06-05,-0.276658536290336,0.025748905394723964,0.07474468533591683,0.1472693943900667
2015-06-08,-0.2847260546237762,0.019434979410467346,0.06479316659801548,0.136512987237575
2015-06-09,-0.28537860271141335,0.01909453422658247,0.06318808293061196,0.13703178501020297
2015-06-10,-0.2682617125808009,0.031188331315332052,0.0766707857368012,0.1485490955625497
2015-06-11,-0.2806511695005133,0.034685739491345124,0.07795485267072366,0.14834157645349832
2015-06-12,-0.27668027160120945,0.026817607232832108,0.07137400963436957,0.15065887317123794
2015-06-15,-0.279530888280626,0.022543391958980807,0.06687977536564005,0.16089648255110145
2015-06-16,-0.2735284510957836,0.028225570097663466,0.07233705983481187,0.1771867326116281
2015-06-17,-0.2759480521431845,0.029634125041075432,0.07442366860243621,0.182513056410611
2015-06-18,-0.2690597760328187,0.03997951408110878,0.0888694216090673,0.20195067962508206
2015-06-19,-0.2705646888580495,0.033811239427696815,0.08549874590752005,0.19838826825303513
2015-06-22,-0.2691571794546733,0.04119386725006158,0.09336365587779705,0.20437173589734736
2015-06-23,-0.25035778823194177,0.041679963764790884,0.09464772281171974,0.2110469339051637
2015-06-24,-0.2593118056722483,0.03430917751403961,0.08678281284144296,0.18787396672776957
2015-06-25,-0.2536198422575717,0.031036759198680874,0.08453569570707797,0.19658976930792393
2015-06-26,-0.2594336728027813,0.031329838096112006,0.07795485267072366,0.17632206965724762
2015-06-29,-0.28743361342275797,0.009645552157682369,0.05211300562552812,0.14014457164597238
2015-06-30,-0.28218949554827,0.012038733780747268,0.05821232356166117,0.14847992252619924
2015-07-01,-0.28335907109243175,0.019950679854230158,0.06399062476431361,0.15027842147131043
2015-07-02,-0.28909112803240156,0.01872981382089023,0.06318808293061196,0.13703178501020297
2015-07-06,-0.2729573263863617,0.016043553300393976,0.05965689886232428,0.1325355376474251
2015-07-07,-0.2778109353902718,0.022294718955099713,0.06078045742950677,0.13077162522048913
2015-07-08,-0.2940894559255097,0.005054574843173176,0.04216342072337054,0.11849341126828761
2015-07-09,-0.2810555452239202,0.0068615986713755905,0.04473155459121614,0.13391899837443377
2015-07-10,-0.2762489795886717,0.019706151400413763,0.06078045742950677,0.14796112475357126
2015-07-13,-0.26987478336192605,0.03093906623287057,0.07651027737006055,0.1512468439802166
2015-07-14,-0.27453015376194134,0.03523696464994841,0.0835726455066359,0.1649431051776018
2015-07-15,-0.273273635152085,0.03484619278670675,0.08244908693945363,0.16148445336008033
2015-07-16,-0.2712004070606574,0.04295352479181025,0.09609229811238285,0.17649500224812376
2015-07-17,-0.2707730881608784,0.044076697859339875,0.10604381685028419,0.16912807387680284
2015-07-20,-0.2667596428025786,0.04446746972258153,0.10796991725116856,0.17666793483899967
2015-07-21,-0.27240763059174466,0.04041409975932009,0.10556229175006338,0.17352056168505525
2015-07-22,-0.2676778587881117,0.03841168999949662,0.0978578901465268,0.17196416836717066
2015-07-23,-0.2759214423728563,0.03279523258326833,0.0925611140440954,0.17379725383045685
2015-07-24,-0.2778853911870175,0.021953089614053622,0.08036247817182907,0.17673710787535035
2015-07-27,-0.28542020157813575,0.01579902484657758,0.06992943433370646,0.14979421021685746
2015-07-28,-0.29048569375853583,0.028448783722575754,0.08052298653856926,0.16200325113270853
2015-07-29,-0.27944838144087036,0.03533465761575871,0.08517772917403921,0.161588212914606
2015-07-30,-0.28605424625329956,0.035676879035385634,0.08902992997580772,0.16369799052329403
2015-07-31,-0.282094867826547,0.03421148454822931,0.0888694216090673,0.18583336215543178
2015-08-03,-0.2893365595484154,0.030695129857634784,0.0861407793744815,0.17767094386608107
2015-08-04,-0.28888657508522064,0.028546476688386058,0.08405417060685694,0.1813371147926539
2015-08-05,-0.29207203453239816,0.03240446072002667,0.0915980638436531,0.21374468232283061
2015-08-06,-0.31411492810654285,0.024101742783302127,0.07426316023569579,0.17867395289316224
2015-08-07,-0.3065712327172915,0.021610868194426702,0.07153451800110999,0.1755265797392176
2015-08-10,-0.3013588465578647,0.0345531138892754,0.08389366224011674,0.19416871303565864
2015-08-11,-0.32428612285610303,0.025224915850831753,0.07008994270044688,0.1848303531283506
2015-08-12,-0.3228203238268289,0.026201845508935895,0.07185553473459061,0.1806799709473248
2015-08-13,-0.32679926440653817,0.025176365407216794,0.06960841760022585,0.17950402932936727
2015-08-14,-0.3237198296949312,0.02869272009781132,0.07281858493503268,0.18462283401929924
2015-08-17,-0.3171289816774555,0.03474849982089623,0.08212807020597279,0.20828001245114658
2015-08-18,-0.3244886517708784,0.03181830292516419,0.0757077355363589,0.18911908138207734
2015-08-19,-0.3304688605293934,0.02351558498843964,0.06704028373238025,0.1845536609829488
2015-08-20,-0.3517674291730273,0.001782748606395046,0.03686664462093914,0.13412651748348514
2015-08-21,-0.3312473128682841,-0.02903494151743813,0.000431245370880573,0.11167986718777034
2015-08-24,-0.3537592310563803,-0.06952245902076115,-0.037930254280062026,0.06554145194203298
2015-08-25,-0.35200562324615914,-0.0804622949557865,-0.041942963448570625,0.06471137550582773
2015-08-26,-0.3336789814147689,-0.04432122631315638,-0.0011738382965228444,0.08843772697402552
2015-08-27,-0.31978311932296355,-0.020829916546524108,0.02338394181475012,0.10742572545221885
2015-08-28,-0.32085935156272494,-0.020878466990138844,0.026594109149556955,0.11883927645003989
2015-08-31,-0.32696788598785975,-0.029328020414869593,0.015840048577953958,0.10362120845294487
2015-09-01,-0.3397011665390698,-0.05872886649516129,-0.014175016002490826,0.07055649707743905
2015-09-02,-0.33386778342338397,-0.040121020861888734,0.01022225574204172,0.09182720575519676
2015-09-03,-0.325452027637534,-0.03929092669179057,0.0066910716737540454,0.09303773389132908
2015-09-04,-0.33480531620685605,-0.054187031702847666,-0.003902480531108754,0.08501366167467905
2015-09-08,-0.3164233909476436,-0.02971879227811114,0.02338394181475012,0.12333552381281776
2015-09-09,-0.3258442191508697,-0.043198053245626755,0.011666831042704828,0.11244077058762492
2015-09-10,-0.3252719277876259,-0.038070060658450644,0.020173774479943285,0.12229792826756136
2015-09-11,-0.3273032148023519,-0.03338139037813104,0.0257915673158553,0.13222425898384826
2015-09-14,-0.32440215979571807,-0.03714227352254196,0.022420891614308047,0.12655207000311286
2015-09-15,-0.3111294800207446,-0.02507867244140649,0.03413800238635334,0.13921073565524167
2015-09-16,-0.30605322829473625,-0.016336632197825218,0.04023732032248639,0.14024833120049807
2015-09-17,-0.2727643865681272,-0.018827506786700754,0.041200370522928464,0.1524227855981739
2015-09-18,-0.27824911387726614,-0.03518841420633345,0.02691512588303757,0.1542212845432851
2015-09-21,-0.28535974331643577,-0.030108972062772077,0.02739665098325883,0.16124234773285373
2015-09-22,-0.30103333188923675,-0.04231881655333303,0.011987847776185445,0.14567841455400687
2015-09-23,-0.3035277792253317,-0.04393045444991461,0.011185305942483792,0.1483069899353231
2015-09-24,-0.3143061740798613,-0.04734911617469861,0.007333105140715501,0.13066786566596345
2015-09-25,-0.31806131854136843,-0.047980271941692076,-0.0029394303306665703,0.11181821326047103
2015-09-28,-0.3299731252925949,-0.07174985864123884,-0.03311500327785166,0.07698958945802925
2015-09-29,-0.33801185941518685,-0.07160243107465225,-0.03873279611376379,0.0723895825407257
2015-09-30,-0.323440858746889,-0.053578967000500355,-0.016903658237076735,0.08861065956490166
2015-10-01,-0.32624676216630766,-0.05097618955987837,-0.015298574569673207,0.08573997855635884
2015-10-02,-0.31396341165609976,-0.03707773695724903,0.0020363290382841015,0.1088091861792273
2015-10-05,-0.3006904860656108,-0.019642798992282273,0.01776614897883788,0.12949192404800614
2015-10-06,-0.3081390340692335,-0.02332611984262556,0.010703780842262756,0.11735205616850553
2015-10-07,-0.29417316663573456,-0.015272074909781996,0.020013266113202866,0.13080621173866436
2015-10-08,-0.2829531242774701,-0.006235771611608265,0.024186483648451773,0.1320167398747969
2015-10-09,-0.2877638156604281,-0.005499225857255707,0.02835970118370068,0.13948742780064327
2015-10-12,-0.30713872227511185,-0.004615252536316672,0.03012529321784463,0.13748140974648093
2015-10-13,-0.31373191530152067,-0.01104877839386853,0.021136824680385136,0.11994604503164674
2015-10-14,-0.3173405772634078,-0.016008620664134554,0.01808716571231872,0.10694151419776587
2015-10-15,-0.30502790037739946,-0.0009319316859733862,0.03670613625419872,0.13467990177428835
2015-10-16,-0.3026310990532648,0.0034885269973030653,0.04039782868922681,0.15328744855255416
2015-10-19,-0.306289979059165,0.004274215273851079,0.0444105378577353,0.15045135406218657
2015-10-20,-0.15621736465982738,0.002800531686565355,0.0391137617553039,0.1387265244007887
2015-10-21,-0.17636917892194948,-0.0030432839046399263,0.030446309951325246,0.11192197281499672
2015-10-22,-0.15792329124926485,0.013359661094220376,0.04746019682580194,0.14111299415487855
2015-10-23,-0.15213331404969743,0.024753621300618978,0.07153451800110999,0.14965586414415655
2015-10-26,-0.1283403248985001,0.022395964392394108,0.07201604310133103,0.15069345968941295
2015-10-27,-0.13996307599775937,0.02043144766173355,0.07105299290088896,0.13813855359180982
2015-10-28,-0.12738847060068903,0.031874550390327716,0.08501722080729901,0.16847093003147373
2015-10-29,-0.14040826215209445,0.031334574724757314,0.08052298653856926,0.16010099263307165
2015-10-30,-0.13553157133763138,0.02666899550908397,0.07618926063657994,0.16736416144986688
2015-11-02,-0.1181558795919182,0.03919204956881872,0.09175857221039352,0.18375817106491898
2015-11-03,-0.09804724858251224,0.041794827009440594,0.09561077301216181,0.18777020717324389
2015-11-04,-0.10337227583492992,0.03909376452442759,0.09528975627868119,0.21654619029502298
2015-11-05,-0.11235523390537361,0.03781724310450496,0.0925611140440954,0.20800332030574475
2015-11-06,-0.11392977340279142,0.03742410292694043,0.0967343315793443,0.2307612492650366
2015-11-09,-0.1131064587249021,0.027454683785631984,0.08565925427426047,0.22470860858437391
2015-11-10,-0.10959709758932723,0.029959176181862945,0.08325162877315528,0.22100785113962562
2015-11-11,-0.1213403670556481,0.025981000198346482,0.07972044470486761,0.22616124234773283
2015-11-12,-0.1348706736950347,0.011542571930146517,0.06687977536564005,0.22540033894787825
2015-11-13,-0.1560665780432532,0.0002468967681390488,0.05034741359138439,0.19368450178120566
2015-11-16,-0.1387419037819526,0.015717318002445246,0.0623855410969103,0.20402587071559508
2015-11-17,-0.12995965930776276,0.014391061981746223,0.06318808293061196,0.21505897001348884
2015-11-18,-0.1244117159310153,0.030695721936215392,0.08244908693945363,0.23629509217307088
2015-11-19,-0.12169172721887145,0.029713463570885112,0.08196756183923237,0.2529312074153496
2015-11-20,-0.11840739435969128,0.03437904278655868,0.08870891324232688,0.24867706567979786
2015-11-23,-0.12614705136909887,0.032415118134478726,0.08822738814210607,0.24297029018088745
2015-11-24,-0.13801685138703057,0.03388820964318384,0.08806687977536565,0.2555597827966658
2015-11-25,-0.13445808429474715,0.03393735216537941,0.09111653874343228,0.2662816034309827
2015-11-27,-0.13882705939702733,0.034821325486318555,0.09368467261127766,0.2676996506761664
2015-11-30,-0.14063020837822926,0.030695721936215392,0.08967196344276918,0.2631688167952133
2015-12-01,-0.1408308257772498,0.040812568644110536,0.09978399054741094,0.26749213156711527
2015-12-02,-0.14158622589950665,0.030057461226253857,0.09288213077757601,0.26725002593988867
2015-12-03,-0.16090585227346177,0.015422462869271847,0.07458417696917663,0.24065299346314806
2015-12-04,-0.13563306748815662,0.035263016107497824,0.09689483994608472,0.2652094213675509
2015-12-07,-0.14893265368618291,0.028878632772141533,0.08822738814210607,0.24891917130702468
2015-12-08,-0.14278381011081875,0.022150843859997105,0.08742484630840419,0.25894926157783704
2015-12-09,-0.15568617749432023,0.014096206848572823,0.07137400963436957,0.2401687822086951
2015-12-10,-0.14587417572972616,0.01665043384557996,0.07618926063657994,0.23774772593643
2015-12-11,-0.16479005736904595,-0.0035838516487908256,0.05888143072903662,0.20904091585100137
2015-12-14,-0.1590363415908701,0.0027519812429506185,0.06314167087275924,0.20568602358800558
2015-12-15,-0.13261187319768852,0.01262311533986793,0.07248596518708905,0.22194168713035656
2015-12-16,-0.13648435997587793,0.02725811369684994,0.08871278091381463,0.2441808183170202
2015-12-17,-0.14545481603324584,0.01208254759571692,0.07396148185965368,0.23307854598277578
2015-12-18,-0.16050619158986634,-0.00687403232156969,0.056912785941787725,0.20949054058727912
2015-12-21,-0.14098765335011598,0.0016714378332292057,0.06691265057328555,0.22232213883028407
2015-12-22,-0.1268028447170665,0.010953453742380548,0.07379710582142573,0.23307854598277578
2015-12-23,-0.11782397379724818,0.023673077890897787,0.08346821837646745,0.24283194410818654
2015-12-24,-0.11759333432720054,0.021584816736877288,0.08395941265540796,0.2453567599349773
2015-12-28,-0.12737102341553141,0.019164991577682144,0.08235239515226045,0.24746653754366554
2015-12-29,-0.11639010834353425,0.030833084166930647,0.09694511967542496,0.2604018953411962
2015-12-30,-0.12691346761616518,0.023219545698105026,0.08792764360180771,0.25061391069760997
2015-12-31,-0.1322958199691434,0.012837447786069989,0.07530163003014834,0.2328364403555494
2016-01-04,-0.16351553607780123,-0.001351123321087222,0.053166946105931645,0.2010860166707018
2016-01-05,-0.1733686616315836,0.0007252962613197855,0.050542731001514074,0.18801231280047048
2016-01-06,-0.18204063952344596,-0.012375626493148273,0.03857228774702337,0.17258672569432432
2016-01-07,-0.20315447240172846,-0.03600725888339906,0.007091375672733102,0.13896863002801507
2016-01-08,-0.21310598633774314,-0.0466859881643491,-0.002746046756280651,0.11966935288624492
2016-01-11,-0.2100918531432805,-0.04569721693463147,-0.003894745188133153,0.11825130564106101
2016-01-12,-0.20722766572423013,-0.03833057523394512,0.00643580535556465,0.13028741396603616
2016-01-13,-0.23381882895807704,-0.06171471877747625,-0.02783369786137113,0.08037906823920049
2016-01-14,-0.21855368621566107,-0.04683400780951652,-0.008814423320512077,0.10005879708089793
2016-01-15,-0.23406829473539703,-0.06690606377278385,-0.03528476698246208,0.07719710856708062
2016-01-19,-0.2359227508295193,-0.06641167815792515,-0.03774653988439536,0.05184519074464777
2016-01-20,-0.2527737095919519,-0.0772384270840426,-0.03873279611376379,0.05360910317158374
2016-01-21,-0.2496228270966655,-0.07244318265920247,-0.03873279611376379,0.058589561788814803
2016-01-22,-0.23736297546021834,-0.05331016332487659,-0.013115274014855793,0.0913775810189188
2016-01-25,-0.24055731126496205,-0.06774622327875357,-0.028715526960571114,0.054197073980562394
2016-01-26,-0.23162734552795794,-0.055089951538368154,-0.018042687490209985,0.05412790094421194
2016-01-27,-0.24279355952166037,-0.06522515268226403,-0.039552742469160296,0.0208902569778302
2016-01-28,-0.19490533010625932,-0.06013268480992806,-0.031179233698248265,-0.00010375955452557317
2016-01-29,-0.15707471280409546,-0.03783618961908619,-0.00802541833701742,0.023553418877321652
2016-02-01,-0.13768250772984136,-0.03793506674205804,-0.006712343866936754,0.038979005983467596
2016-02-02,-0.1428283095803926,-0.055287705784311636,-0.028715526960571114,0.004254141735551498
2016-02-03,-0.14019380843813245,-0.05024497251275184,-0.03134360973647621,0.011482724034171499
2016-02-04,-0.13923242895295973,-0.04816914500892566,-0.029864225392423616,0.01788122989658647
2016-02-05,-0.18995082694032395,-0.06636194355714897,-0.061393483360310364,-0.0957700688271712
2016-02-08,-0.22214467642103075,-0.07891933817456265,-0.0784711868143344,-0.16771002663161905
2016-02-09,-0.24082414097609728,-0.07926511206567333,-0.08159046386918001,-0.19202434890879527
2016-02-10,-0.23795459415410758,-0.07971035515833669,-0.07830681077610635,-0.16975063120395661
2016-02-11,-0.22393379256512314,-0.09118010142306088,-0.08175483990740795,-0.15266489122540028
2016-02-12,-0.2089884026117934,-0.07278895655031337,-0.0666477150763769,-0.13530245910144223
2016-02-16,-0.18170355658401793,-0.057364125366718755,-0.044808908020970595,-0.10452045792550058
2016-02-17,-0.1602352778345587,-0.04174213201576127,-0.023790047320960683,-0.06377753951509701
2016-02-18,-0.16232071152413552,-0.04559833981165984,-0.03364100660018143,-0.07712793553073016
2016-02-19,-0.15812761043369739,-0.046191602549490396,-0.03002860143065178,-0.06149482931553274
2016-02-22,-0.14921290872955972,-0.03239794785563943,-0.01590773282898894,-0.04098502403763016
2016-02-23,-0.1658020936734972,-0.044164325489278955,-0.030192977468879834,-0.056548957216477125
2016-02-24,-0.14366410138047636,-0.03981373207852146,-0.021819468697967803,-0.03593539238404864
2016-02-25,-0.13388893236651822,-0.02854174005974086,-0.013115274014855793,-0.016566942205928248
2016-02-26,-0.12203567631826662,-0.030272385751036857,-0.01147344746831891,0.004807526026354925
2016-02-29,-0.10650663755311751,-0.03838030983472129,-0.01820706352843815,0.004392487808252188
2016-03-01,-0.08377118769175962,-0.01524306305932921,0.01003660751063129,0.04347525334624569
2016-03-02,-0.06929092595160813,-0.010892469648571712,0.013157818401220656,0.052018123335523914
2016-03-03,-0.06719780291040423,-0.007382627822364651,0.01397776475661705,0.05969633037042166
2016-03-04,-0.06787671451997745,-0.003921928518352935,0.016112719417838095,0.06422716425137476
2016-03-07,-0.06453671038480013,-0.002933157288635302,0.014142140794845215,0.06889634420502899
2016-03-08,-0.08595261283287736,-0.01430402643038775,0.0014987227014910953,0.04935496143603224
2016-03-09,-0.07238776931674396,-0.009211558558051891,0.007081706494013851,0.05077300868121615
2016-03-10,-0.0810129801146644,-0.008668030420997508,0.004453623718108535,0.03015944384878777
2016-03-11,-0.062184460906619665,0.007745571992314737,0.023008777680441295,0.048766990627053586
2016-03-14,-0.05925605757948815,0.006361292270710139,0.02366628183335351,0.04873240410887858
2016-03-15,-0.060374784789363645,0.004680381180190318,0.01890517823197113,0.026597032476740612
2016-03-16,-0.050752532659745775,0.011107394173354823,0.026621182849970948,0.03804516999273688
2016-03-17,-0.045617932083183654,0.01748467256574293,0.0290848895876481,0.04399405111887389
2016-03-18,-0.049998351050359435,0.02124200323866976,0.03351917494831813,0.06028430117940031
2016-03-21,-0.007833406615578409,0.02272516008324632,0.036309699926707406,0.0569294089164043
2016-03-22,-0.009583178354749422,0.022131897345415652,0.03910215874084089,0.05561512122574608
2016-03-23,-0.03261542370188153,0.015512458813533803,0.027771815117567433,0.029709819112510027
2016-03-24,-0.05414654910522443,0.014915643604219042,0.028756137511191993,0.03161207761214668
2016-03-28,-0.04955922022981407,0.015562193414309977,0.027278687002883162,0.03465569121156564
2016-03-29,-0.029369560124704597,0.02525451977986526,0.04484951857159136,0.06229031923356265
2016-03-30,-0.019598085353459638,0.02957906173307312,0.04961062217297374,0.06820461384152465
2016-03-31,-0.021031837661981467,0.02719357713155679,0.049774998211201904,0.0730467263860548
2016-04-01,-0.021348701544392612,0.03375439988395246,0.05946351528793836,0.07871891536678999
2016-04-04,-0.029596295802014616,0.03037481534549258,0.05470241168655621,0.08622418981081181
2016-04-05,-0.036957019182184636,0.02028402009514685,0.04452076649513548,0.07439560059488803
2016-04-06,-0.014663035911856359,0.031319180681660175,0.061105341834475135,0.09376405077300864
2016-04-07,-0.033284843619880045,0.018842900829798115,0.045505088888759815,0.07647079168540105
2016-04-08,-0.026688229449813416,0.02187493524140538,0.045833840965216144,0.07439560059488803
2016-04-11,-0.028148258805765658,0.01899151255354603,0.04222143579568627,0.058209110088887295
2016-04-12,-0.028260804404679152,0.029032573203115586,0.05059687840234228,0.052986545844429855
2016-04-13,-0.016619224058666338,0.03937144937876158,0.06685270166522606,0.08546328641095702
2016-04-14,-0.018695494117901945,0.03947091858031393,0.06652394958876973,0.08470238301110222
2016-04-15,-0.025780114395916764,0.037830860911860276,0.06488212304223295,0.08995953377373489
2016-04-18,-0.0036506351559215666,0.0453863756797801,0.07046510683475571,0.11157610763324444
2016-04-19,-0.015546751514798784,0.04856761389371589,0.06619519751231362,0.10977760868813347
2016-04-20,-0.00795709724978455,0.04936277542755474,0.06783895789459415,0.11960017984989446
2016-04-21,-0.013495525853079782,0.044143602738955456,0.06718145374168194,0.1458167606267078
2016-04-22,-0.009656991381021163,0.04399439893662693,0.058641635096797984,0.15141977657109273
2016-04-25,-0.016437555558322603,0.04215540286506836,0.05650861427132092,0.14308442569086566
2016-04-26,-0.009479062122917381,0.04389492973507436,0.05486485388904039,0.1482724034171481
2016-04-27,0.0015480863955648072,0.04583339500818551,0.0494462461347458,0.15584685089752015
2016-04-28,0.010051365712427485,0.03678702637414033,0.037131580117848006,0.15283782381627642
2016-04-29,-0.009406607607264528,0.031219711480107604,0.03056234009595693,0.14962127762598132
2016-05-02,-0.023224028958862553,0.03927198017720923,0.03975772905800912,0.16490851865942657
2016-05-03,-0.04377317818823867,0.03017587694238766,0.028100567194023762,0.1384844187735621
2016-05-04,-0.04971139630797561,0.024310154443697662,0.020053876663823855,0.1285235015391002
2016-05-05,-0.04624458091703065,0.024012338917621223,0.01874080219374319,0.11797461349565941
2016-05-06,-0.06390729229021885,0.02798873866539564,0.022844401642213352,0.10718361982499225
2016-05-09,-0.06497810178345309,0.02898283860233919,0.025965612532802718,0.11417009649638565
2016-05-10,-0.05444782959539851,0.04145911845420125,0.03893778270261272,0.128039290284647
2016-05-11,-0.06444163665175151,0.03176620001006536,0.028264943232251705,0.12323176425829208
2016-05-12,-0.07235488233401521,0.03226354601782733,0.0233375297568974,0.11562273025974479
2016-05-13,-0.0727455132517355,0.022719831376020183,0.019067620434455534,0.11347836613288131
2016-05-16,-0.07604183237133366,0.03305870755166618,0.031712972363553416,0.12956109708435637
2016-05-17,-0.07832064078525336,0.02396260431684505,0.019231996472683477,0.11351295265105654
2016-05-18,-0.07787960739810196,0.024062073518397398,0.024323785986265722,0.1279009442119463
2016-05-19,-0.10074637752521387,0.020433223897475594,0.018576426155515247,0.12091446754055268
2016-05-20,-0.10129302448434852,0.026646496523018426,0.030891092172413037,0.1423581088091863
2016-05-23,-0.09250828449664783,0.02525451977986526,0.030235521855244585,0.14733856742641716
2016-05-24,-0.07005251988892536,0.03857628784492273,0.05092563047879839,0.17020025594023447
2016-05-25,-0.07210342097687317,0.04558472200430441,0.05831481685608586,0.16950852557673013
2016-05-26,-0.08511179205204245,0.04598259881051403,0.05979226736439447,0.1711340919309654
2016-05-27,-0.08332339120317844,0.050307140763722114,0.06685270166522606,0.18527997786462835
2016-05-31,-0.08599356603037,0.04866649101668763,0.07013635475829938,0.19638225019887257
2016-06-01,-0.07236150730512525,0.05065528296915556,0.07095823494943976,0.2179988240583821
2016-06-02,-0.06664968200518162,0.05408460210839183,0.07522814427188185,0.22671462663853625
2016-06-03,-0.07161370891921381,0.05055581376760321,0.06882328028821871,0.22605748279320736
2016-06-06,-0.07143616207409931,0.0563712095869362,0.07457064011896963,0.23615674610037019
2016-06-07,-0.07927641324937784,0.057613982527761065,0.0730931896106608,0.24397329920796884
2016-06-08,-0.07954399292583192,0.060994159144801774,0.07604809062727824,0.2531387265244007
2016-06-09,-0.0885117472143161,0.05975138620397713,0.07260006149597653,0.24054923390862237
2016-06-10,-0.10131503406166809,0.04976006015518375,0.058641635096797984,0.21575070037699295
2016-06-13,-0.1084776479912114,0.04145911845420125,0.048790675817577345,0.21239580811399716
2016-06-14,-0.09800663534120713,0.0395703877818665,0.0478044195882088,0.21889807353093782
2016-06-15,-0.10211148523556857,0.03773139171030793,0.045998217003444086,0.2221146197212327
2016-06-16,-0.09910844115611206,0.04111156832734841,0.04813317166466513,0.21706498806765118
2016-06-17,-0.09939216970433151,0.03718431110176934,0.03844465458792867,0.2044409089336976
2016-06-20,-0.09658583315422764,0.04404413353740311,0.04649134511812836,0.22685297271123717
2016-06-21,-0.10554074386074752,0.04692992453958489,0.047968795626436966,0.22941237505620293
2016-06-22,-0.11238828961129599,0.045182108569449264,0.04566946492698798,0.211392799086916
2016-06-23,-0.09307449320568528,0.05881649412510015,0.06225404026632786,0.24435375090789613
2016-06-24,-0.13436098230756655,0.02130890811828534,0.018576426155515247,0.18451907446477378
2016-06-27,-0.15982818607348748,0.0020302374531147027,-0.006054839714024429,0.12720921384844197
2016-06-28,-0.13390577976561335,0.020759459195424546,0.015128397024213536,0.15418669802510987
2016-06-29,-0.11122280506437343,0.03784033416915089,0.0340123030630024,0.19001833085463282
2016-06-30,-0.09749294122284347,0.051324923843892645,0.0478044195882088,0.20565143706983013
2016-07-01,-0.0990274744120333,0.0544718215001494,0.052238704948879056,0.21056272265071074
2016-07-05,-0.10587966110671387,0.047029985819717846,0.043863262342223264,0.19624390412617165
2016-07-06,-0.10906794208921189,0.05302300521325187,0.051745576834194784,0.20419880330647122
2016-07-07,-0.10031018454693674,0.05212422992779597,0.0555223580419526,0.22176875453948064
2016-07-08,-0.07697151244329237,0.0681062070558005,0.07292881357243286,0.2534500051879778
2016-07-11,-0.060573097682958155,0.07215187999751316,0.07982487183503606,0.2729913879569743
2016-07-12,-0.046432343344817384,0.07969318487949728,0.08721405821232353,0.2844395254729706
2016-07-13,-0.04257708478230948,0.07959371567794471,0.08343727700456571,0.2750319925293121
2016-07-14,-0.031574430284890265,0.08553700047070256,0.08951338891177252,0.2819147096461798
2016-07-15,-0.047049837986434584,0.08393898038147629,0.0885271326824042,0.2804620758828209
2016-07-18,-0.048895538103736036,0.08693549007824308,0.0942744925131549,0.2825372669733337
2016-07-19,-0.039614276916547175,0.08573653095238809,0.09000651702645679,0.27845605782865834
2016-07-20,-0.0219565880035425,0.09033165281696176,0.10166561272618613,0.3083388095320443
2016-07-21,-0.0213344806355813,0.08638604115538207,0.09821564975914066,0.2830560647459621
2016-07-22,-0.06074660964824641,0.09113036682228448,0.10396300958989135,0.30775083872306586
2016-07-25,-0.05663276277195828,0.08833397968578383,0.1033074392727229,0.31179746134956576
2016-07-26,-0.05434687243345293,0.08878336732851166,0.1060979642511124,0.32044409089336967
2016-07-27,-0.058593125242248134,0.08768446948278963,0.11250282823477531,0.33355238128177644
2016-07-28,-0.05694372903884615,0.08898289781019741,0.11595085736607702,0.35126067858748655
2016-07-29,-0.055261710457436664,0.09063124457878047,0.11742830787438563,0.34749074810638825
2016-08-01,-0.05667145047719335,0.08938255085214908,0.12219134531151177,0.3490125549060976
2016-08-02,-0.06841299453361549,0.0829395517373066,0.1121740761583192,0.3297824508006779
2016-08-03,-0.05744791524890136,0.08613618399433975,0.11726393183615769,0.34479299968872135
2016-08-04,-0.040273443178361124,0.08713502055992883,0.1190701344209224,0.36180956663092734
2016-08-05,-0.012066835773207663,0.09577522328763477,0.13089360615888013,0.3798637291183895
2016-08-08,-0.011691273302303573,0.09517603976399736,0.12925177961234313,0.3756787604191887
2016-08-09,-0.011750925255091693,0.09587528456776773,0.13187792855250446,0.38014042126379155
2016-08-10,-0.014672588652312024,0.09317836663281942,0.12744557702757842,0.3749178570193339
2016-08-11,-0.003908685679797741,0.09822287614012115,0.13269980874364484,0.38467125514474465
2016-08-12,-0.0029086344917497176,0.09732350877608487,0.1336841311372694,0.3819043336907275
2016-08-15,-0.0037051724751806514,0.10062020231325097,0.1400889951209323,0.38660810016255676
2016-08-16,-0.00730175699971114,0.09502624388308822,0.13302856082010095,0.3721163490471415
2016-08-17,-0.012874999639490459,0.09702391701426616,0.13335731289655706,0.3560682046138415
2016-08-18,-0.004209003266923306,0.09957103906830511,0.13581908579849045,0.36851935115691914
2016-08-19,0.0005912529022620294,0.09787295769894566,0.13549033372203434,0.3770968076643726
2016-08-22,0.0006139819081099063,0.09752363133635078,0.13680534202785877,0.37460657835575684
2016-08-23,0.0023628993730817616,0.09982089622934742,0.14025337115916026,0.3976757859786255
2016-08-24,-0.00639531489977474,0.09462659084113656,0.131222358235336,0.3867810327534327
2016-08-25,-0.005066615735790259,0.0935276929954143,0.13007172596773975,0.3969148825787707
2016-08-26,-0.004333971912811374,0.09158034654359337,0.13138673427356418,0.3995780444782624
2016-08-29,-0.010785919532992905,0.09677405985322363,0.13450601132840978,0.3985750354511812
2016-08-30,-0.01386583046555978,0.0950759784838644,0.13237105666718874,0.399820150105489
2016-08-31,-0.00639638226297512,0.09202973418632121,0.13040047804419586,0.40428181095009164
2016-09-01,-0.012073776242754741,0.09212979546645417,0.13335731289655706,0.4119600179849896
2016-09-02,0.008721343852289065,0.09692444781271359,0.1382827925361676,0.4291149309998963
2016-09-06,0.011316995635977323,0.10062020231325097,0.14386577632869013,0.43769238750734973
2016-09-07,0.02546230959407736,0.10042007975298484,0.14567197891345485,0.4385916369799052
2016-09-08,0.03570681535487008,0.09782322309816949,0.14041774719738842,0.4290111714453706
2016-09-09,0.002662142035264159,0.07150236979451918,0.11135219596717882,0.3844983225538685
2016-09-12,0.015603503917004602,0.08693549007824308,0.13007172596773975,0.4022757928959291
2016-09-13,0.023829906318967087,0.07115304343192408,0.1179214359890699,0.37861861446408196
2016-09-14,0.021743292894309985,0.07055385990828711,0.12202696927328383,0.38774945526233884
2016-09-15,0.040804224941366485,0.08139126624885651,0.1386115446126237,0.41078407636703207
2016-09-16,0.04061046402768853,0.0768967977429964,0.13746091234502722,0.4112337011033098
2016-09-19,0.03754429851382168,0.07744565458727681,0.13549033372203434,0.40791339535848925
2016-09-20,0.033140920594512346,0.07754571586740977,0.13680534202785877,0.4071524919586347
2016-09-21,0.056412943346873634,0.08958267341241521,0.14846443772758833,0.43644727285304197
2016-09-22,0.06025154417967271,0.09627493760971961,0.15815102096858102,0.4503164666413031
2016-09-23,0.049765243062620756,0.09053118329864751,0.15076183459129355,0.43347283228997324
2016-09-26,0.049391107693093295,0.08151145820073236,0.14025337115916026,0.42454951060076773
2016-09-27,0.06458540278253633,0.08808708291764478,0.15076183459129355,0.4460623249057518
2016-09-28,0.06110656291111871,0.093809522399813,0.15371866944365475,0.4563345208037908
2016-09-29,0.04713867266414007,0.08397095262483245,0.14304389613754975,0.43952547297063593
2016-09-30,0.056870488143806464,0.09210315193032415,0.1524036611378301,0.45052398575035446
2016-10-03,0.05289569673017702,0.08873955351354224,0.15027064031235304,0.4462698440148032
2016-10-04,0.05534853641296755,0.08397095262483245,0.1478069335746761,0.4474457856327603
2016-10-05,0.05330725504320433,0.08873955351354224,0.1535542934054266,0.43904126171618296
2016-10-06,0.046543174446155966,0.08979404546571423,0.1515837147824337,0.4330577940718707
2016-10-07,0.04666492044510284,0.08552693513483112,0.14846443772758833,0.4258292117732507
2016-10-10,0.044372133934601043,0.09099833329879536,0.1563448183838161,0.43900667519800796
2016-10-11,0.02290641889717615,0.07754571586740977,0.13844716857439554,0.40573444471345077
2016-10-12,0.027194294297358645,0.07890098373856169,0.13680534202785877,0.398056237678553
2016-10-13,0.006495940027814617,0.07558771200113679,0.131222358235336,0.384878774253796
2016-10-14,0.007506455722801286,0.07568836535985057,0.13138673427356418,0.38633140801715493
2016-10-17,0.007617969824197601,0.07212405230422192,0.1282655233829748,0.37771936499152625
2016-10-18,0.018170711540713702,0.07875059577907173,0.13778966442148333,0.38802614740774044
2016-10-19,0.02841733978835448,0.08141080484201857,0.13844716857439554,0.3982983433057794
2016-10-20,0.025218718799428608,0.07955345433445915,0.13746091234502722,0.39449382630650565
2016-10-21,0.09170968741528007,0.08005553697086665,0.14074649927384453,0.41939611939266075
2016-10-24,0.08855758295052829,0.08482413785957688,0.15224121893534592,0.44568187320582453
2016-10-25,0.0738892177831425,0.08136047816266179,0.14649385910459545,0.4276277107183619
2016-10-26,0.05746958716927608,0.07910169837740866,0.13926711492979216,0.4071179054404592
2016-10-27,0.041436555584300594,0.07614012131690129,0.13187792855250446,0.3885103586621934
2016-10-28,0.040502308858944236,0.07297782961754673,0.12629494475998193,0.4018953411960018
2016-10-31,0.04084817356793047,0.0726764616199862,0.12596812651926959,0.4089855774219209
2016-11-01,0.036854342256629424,0.06534771294846253,0.11825018806552601,0.39822917026942894
2016-11-02,0.043127212911661994,0.058671434872836326,0.10790416683587734,0.3599418946494657
2016-11-03,0.03500064199242581,0.05425393658246325,0.09838002579736882,0.3508110538512088
2016-11-04,0.030862167667553342,0.05249664735503701,0.09575387685720749,0.34970428526960196
2016-11-07,0.045029974964845954,0.07583875331934053,0.12186259323505588,0.3917269048524885
2016-11-08,0.05769099453119031,0.08080866092547812,0.12777432910403452,0.39435548023380473
2016-11-09,0.04599174782159099,0.0927556225262216,0.14041774719738842,0.39539307577906135
2016-11-10,0.022031844940061385,0.09491374895276095,0.13105798219710807,0.38349531352678734
2016-11-11,0.016409991908977073,0.09295633716506857,0.13729847014254282,0.4105419707398057
2016-11-14,-0.007391996287968161,0.0932577051626291,0.13319293685832911,0.3862622349808045
2016-11-15,-0.0018221645334692838,0.10194172170530469,0.14616510702813912,0.4023103794141043
2016-11-16,0.0037022985668759834,0.10053612715479598,0.15027064031235304,0.41462317988448105
2016-11-17,0.023926592128971302,0.10550603476093356,0.15880852512149324,0.4330232075536955
2016-11-18,0.03323573384243095,0.10329698957645661,0.15618044234558814,0.4384532909072043
2016-11-21,0.04683219633266389,0.11132853552323452,0.16636208753700865,0.4433299899699097
2016-11-22,0.041288127909600014,0.11318588603079416,0.17030324478299463,0.4319856120084391
2016-11-23,0.03870103174160322,0.1143907659424559,0.16899017031291397,0.44045930896136687
2016-11-25,0.04215925749094529,0.11845656955591144,0.17293132755889973,0.44339916300626014
2016-11-28,0.03238674189877688,0.11353758070771147,0.16652646357523682,0.42652094213675507
2016-11-29,0.02942348560327379,0.11534460453591411,0.16899017031291397,0.42237055995572925
2016-11-30,0.017647375396488307,0.11203133279848898,0.15683794649850036,0.4011690243143222
2016-12-01,-0.009606512321603589,0.10801585586439022,0.14107525135030086,0.3480441323971917
2016-12-02,-0.0025265272592356336,0.10891936777849143,0.1420595737439252,0.3358005049631654
2016-12-05,0.013894265599063038,0.11534460453591411,0.1535542934054266,0.361117836267423
2016-12-06,0.0157302249175566,0.11936008147001265,0.15880852512149324,0.3675855151661884
2016-12-07,0.03903890142926758,0.13381745625279384,0.17210944736775935,0.377684778473351
2016-12-08,0.04198257396586924,0.1365279919950977,0.177363679083826,0.39228028914329194
2016-12-09,0.04007008333463724,0.14375667938648817,0.18327541495280464,0.37813440320962877
2016-12-12,0.03234446789004708,0.14235108483597947,0.17637935669020144,0.36066821153114526
2016-12-13,0.03746397253476297,0.14978048686621692,0.18787407635170283,0.36865769722962005
2016-12-14,0.03452515623589458,0.14109587824496073,0.18212671652095214,0.3512260920693113
2016-12-15,0.04045037142378938,0.14491123261879313,0.18639469200765024,0.35240203368726863
2016-12-16,0.035711833629669565,0.1431539433913669,0.18212671652095214,0.3499118043786533
2016-12-19,0.03597704396707613,0.14526233521713006,0.18655906804587818,0.3541659461142046
2016-12-20,0.04113922249034929,0.14978048686621692,0.19230642787662888,0.36118700930377345
2016-12-21,0.04374709174196356,0.1469231156359072,0.1895159028982396,0.34489675924324703
2016-12-22,0.0320633059459956,0.14525700650990392,0.18442411338465714,0.3215162729568013
2016-12-23,0.03383116303261491,0.14601427501457986,0.18754532427524673,0.3318576418911907
2016-12-27,0.04263821392278633,0.14924524782929183,0.19349767069484636,0.3467644312247087
2016-12-28,0.03686708913491654,0.1398045548605209,0.18305109000651698,0.3287448552554215
2016-12-29,0.04193131064268396,0.13970390150180734,0.18172447868622932,0.3320651610002421
2016-12-30,0.0308907882924101,0.1358672322990706,0.17111352195967178,0.3241102618199425
2017-01-03,0.046985352696973015,0.14389404161720343,0.1810611730260856,0.3451042783522984
2017-01-04,0.07175674290223011,0.15081070359658133,0.1916740635883869,0.3718050703835645
2017-01-05,0.09236007188468975,0.14975029085860259,0.19399466648101837,0.3805900460000693
2017-01-06,0.10224051200554696,0.15429390188665826,0.20129102874260063,0.4004427074326429
2017-01-09,0.10516660992548377,0.15055788604263554,0.2036116316352321,0.41500363158440834
2017-01-10,0.10374773680140659,0.15005343509190538,0.20792215150829518,0.42133296441047285
2017-01-11,0.10630915925115714,0.15313283578996595,0.2105753741488705,0.4455781136512986
2017-01-12,0.1056549918119929,0.15091135695529512,0.20692815993595115,0.4362397537439906
2017-01-13,0.10861751830074451,0.15303218243125216,0.21273160100327382,0.4544668488223289
2017-01-17,0.10867950221626876,0.14924524782929183,0.2051045528294917,0.4324006502265416
2017-01-18,0.10834359022493856,0.15146672666396288,0.20875176704241083,0.44595856535122613
2017-01-19,0.11074194375819157,0.14778162957787755,0.20527086270346362,0.44934804413239715
2017-01-20,0.11957652784304185,0.15156797210125728,0.2085854571684389,0.4619375367481755
2017-01-23,0.11621468111276356,0.14889236899521308,0.2080884613822671,0.45851347144882926
2017-01-24,0.1270029176868528,0.15590968433330454,0.21853504207059649,0.4731435686369454
2017-01-25,0.1307981059126644,0.16530005062271869,0.23063891999141362,0.49593608411441226
2017-01-26,0.12442265479040748,0.1649465797100591,0.23030630024346976,0.4782623733268774
2017-01-27,0.11068464767400821,0.16317922514676142,0.23163291156375765,0.48044132397191586
2017-01-30,0.10136851668338576,0.15626315524596435,0.2215189506233719,0.4637360356932867
2017-01-31,0.10237967436079165,0.15575811221665337,0.22168526049734383,0.46702175491993225
2017-02-01,0.09745222714762813,0.1563638086046779,0.22765501143863842,0.46238716148445347
2017-02-02,0.10385339456488274,0.15676760619669428,0.22632840011835054,0.4656728807110988
2017-02-03,0.1053122466903964,0.1651484785060673,0.23312583275801702,0.49092103897900596
2017-02-06,0.11223037218719467,0.16307857178804763,0.2324625270978733,0.48479922526199304
2017-02-07,0.11748391800634228,0.16302824510869085,0.23478312999050477,0.49026389513367685
2017-02-08,0.12844861313188205,0.16444153668074812,0.2366086709327082,0.48511050392556987
2017-02-09,0.13311065656601717,0.17125695322283163,0.24423571910649056,0.5244699616089648
2017-02-10,0.1337954111048627,0.17585148300882492,0.24821555306735332,0.5330474181164182
2017-02-13,0.1426153978977993,0.18236375531760585,0.2550129857070198,0.5314564382803584
2017-02-14,0.1486062200529945,0.1871092651416697,0.2594898154540548,0.5284128246809394
2017-02-15,0.17215894253832542,0.19316741317907726,0.26761385941400895,0.5595752775568084
2017-02-16,0.17523130492923578,0.1925617167910525,0.26661986784166514,0.5557707605575346
2017-02-17,0.18221945516459548,0.193924681683753,0.27176000324884386,0.5719572510635356
2017-02-21,0.1953253675268507,0.2011444878964337,0.2777278203543945,0.5857572718154465
2017-02-22,0.20285993168650474,0.20043754607111453,0.27656751890807896,0.5838895998339848
2017-02-23,0.22595763531980517,0.20139671337179865,0.27109669758870014,0.577664026562446
2017-02-24,0.24035408468412145,0.20286092370179354,0.2732509906073597,0.5833016290250059
2017-02-27,0.23753227509511476,0.20472893162380523,0.27706644852999474,0.5870023864697542
2017-02-28,0.21875163740076964,0.20169985760510123,0.26910678060826876,0.5597482101476845
2017-03-01,0.22492271942390496,0.21780439499930426,0.2863507939362646,0.5902535191782243
2017-03-02,0.2243541637647979,0.21078707966121257,0.27706644852999474,0.5718534915090099
2017-03-03,0.23227188680581445,0.21149402148653174,0.2792207415486543,0.57590011413551
2017-03-06,0.2236202026003855,0.20795990443851697,0.2744132258894194,0.5713001072182065
2017-03-07,0.22538779934141284,0.20442578739050243,0.27126300746267207,0.5716113858817833
2017-03-08,0.2259685135872045,0.20200240975982342,0.27209068916104395,0.5723722892816381
2017-03-09,0.23612552927896857,0.20316347585651573,0.2724233089089878,0.5770760557534673
2017-03-10,0.2443502872082708,0.20735420805049243,0.2773971344421946,0.5858956178881471
2017-03-13,0.24440944710688162,0.20806055779723098,0.28054735286894195,0.6047798568118148
2017-03-14,0.23458285190358774,0.20376976432312088,0.27656751890807896,0.5872790786151558
2017-03-15,0.24772197978115806,0.21361425488390817,0.28602010802406475,0.6042264725210114
2017-03-16,0.24805257109797285,0.2120493911951995,0.2861844840622927,0.6159858887005847
2017-03-17,0.2665422738800278,0.20957509480658265,0.2863507939362646,0.6217964237540208
2017-03-20,0.27940463221852796,0.2079267480379996,0.28651710381023654,0.6250129699443157
2017-03-21,0.24720239818186318,0.19276361558706068,0.26297071979300224,0.5794279389893819
2017-03-22,0.25255848025237904,0.1953888920137481,0.26910678060826876,0.5784249299623008
2017-03-23,0.25724006192705917,0.19407625380040439,0.26811085520018096,0.577664026562446
2017-03-24,0.2656855347481777,0.19358068402838424,0.2705997018025281,0.5876941168332586
2017-03-27,0.2810346864878821,0.19185655120147538,0.2732509906073597,0.6019437623214472
2017-03-28,0.2896109188220257,0.20062878745267065,0.28071366274291387,0.6095527963199945
2017-03-29,0.29829903261799884,0.20240324695893652,0.2858537981500928,0.6148099470826272
2017-03-30,0.2863068320001334,0.2054459387849954,0.28950101236301173,0.6049873759208662
2017-03-31,0.27309756512588446,0.20311314917715895,0.28900401657683994,0.6145678414554008
2017-04-03,0.2786854778805281,0.20108468795978607,0.2853568023639208,0.6192024348908796
2017-04-04,0.2779775109386846,0.2016430180613571,0.2863507939362646,0.6106941514197766
2017-04-05,0.2725259366232051,0.1980935069702452,0.2788900556364542,0.6129076885829903
2017-04-06,0.2796466590179767,0.20123685215501808,0.28204027406320153,0.6263618441531491
2017-04-07,0.2789204452475116,0.20012137610903724,0.28187396418922983,0.6306851589250511
2017-04-10,0.2849360068225826,0.20098344252249167,0.28253726984937333,0.6289212464981151
2017-04-11,0.28101446189686596,0.19946239264875243,0.27955336129659814,0.6365648670148376
2017-04-12,0.28170092204583086,0.19459432255848985,0.2727539948211877,0.6400581053505343
2017-04-13,0.2823598448412865,0.186684152720749,0.2659565621815212,0.6389167502507522
2017-04-17,0.30140416378441626,0.19697743884568353,0.2772308245682227,0.6549994812022273
2017-04-18,0.29836956764026157,0.19337760107521462,0.27573983720970685,0.6573167779199669
2017-04-19,0.3106953557146874,0.19129881317848496,0.27872374576248227,0.672949884135164
2017-04-20,0.3400210072976424,0.20037478574156364,0.29049693777109953,0.6844326081693355
2017-04-21,0.34081707020229546,0.19733268599408516,0.28900401657683994,0.6861273475599212
2017-04-24,0.3497077627861116,0.21006000716415074,0.30508772845852006,0.7032822605748281
2017-04-25,0.36998325907781604,0.21720935602573177,0.314207697826562,0.7250025939888631
2017-04-26,0.3494963359292549,0.21670253676067897,0.314207697826562,0.7189153667900252
2017-04-27,0.3854419970484313,0.2174124389789014,0.3195122092719689,0.7393559990315774
2017-04-28,0.40643995280056755,0.2147249943012437,0.3191815233597688,0.7409469788676375
2017-05-01,0.41691221864161765,0.2180714224391862,0.3287984885139825,0.7637394943451044
2017-05-02,0.47056617516008603,0.21852791502488222,0.3296281040480984,0.7687891259986859
2017-05-03,0.4626676658627902,0.21731119354160677,0.32481865455311953,0.7554041434648775
2017-05-04,0.4801863304136682,0.21812234119712381,0.3254819602132635,0.778438764569571
2017-05-05,0.5425475340657149,0.22334506635720675,0.331119091406614,0.7848026839138103
2017-05-08,0.5423824684060343,0.22288857377151094,0.331616087192786,0.7696883754712414
2017-05-09,0.565666579812633,0.2219761806786995,0.335595921153649,0.7723861238889083
2017-05-10,0.5934005576743309,0.22395372313813477,0.3374195282601087,0.7922387853214818
2017-05-11,0.5852417779422674,0.2217227710461731,0.335098925367477,0.79275758309411
2017-05-12,0.599452980519205,0.21984647402403246,0.3362592268137927,0.8052433161553629
2017-05-15,0.6194562771836991,0.22603251103486444,0.3425596636672874,0.8294192923598382
2017-05-16,0.6328506214012806,0.225018280426178,0.3475354230362382,0.8350914813405736
2017-05-17,0.5625303160998176,0.20346839632556013,0.3130454625445023,0.7645695707813094
2017-05-18,0.5691133786066838,0.20777813631425146,0.322662427698716,0.7818628298689174
2017-05-19,0.5602512179821231,0.21624604417498294,0.3287984885139825,0.8005395496835335
2017-05-22,0.5849391419213061,0.2220265073580565,0.3397420649884839,0.8295922249507142
2017-05-23,0.6094623386325513,0.2246636253563572,0.34090236643479965,0.8278974855601287
2017-05-24,0.6303625972310367,0.2277057251038357,0.3462088117159503,0.8436343513298514
2017-05-25,0.6385171996984036,0.2335371070448471,0.3554931571222204,0.8568809877909591
2017-05-26,0.6335391671036243,0.23333402409167747,0.35681976844250785,0.8722374018607548
2017-05-30,0.6295423444246333,0.23257379519409827,0.3553268472482485,0.8595787362086258
2017-05-31,0.6490491191155718,0.23166081002270622,0.35433285567590467,0.8582990350361428
2017-06-01,0.6739076165418947,0.24175160527305173,0.364943812402462,0.8938539757202644
2017-06-02,0.6993189799244999,0.24570669019192226,0.3778773058573952,0.9218690554421884
2017-06-05,0.7019660279086282,0.24489554253640544,0.37572301283873544,0.9149517518071455
2017-06-06,0.7183455370245722,0.2415485223198821,0.37124618309170065,0.9164043855705049
2017-06-07,0.7228240562589197,0.243576983537255,0.37622000862490745,0.9120810707986029
2017-06-08,0.7497994297593826,0.24393223068565661,0.3813601440320862,0.9320720783038772
2017-06-09,0.6622107252929468,0.24200501490557813,0.3561564627823639,0.8378929893127658
2017-06-12,0.640665502495458,0.24185285071034612,0.34919272026872594,0.819769653788953
2017-06-13,0.6268711206202682,0.24793764228388393,0.3589759952969114,0.8351260678587489
2017-06-14,0.6113116816703412,0.2465687566053767,0.3535032401417888,0.8248538719607097
2017-06-15,0.6243102448931674,0.2442359669975398,0.3472028032882941,0.8293847058416628
2017-06-16,0.620027705174319,0.2432223284674342,0.344052584861547,0.8449140525023344
2017-06-19,0.6714695770806629,0.2544280076851799,0.36328651516997446,0.8860374226126655
2017-06-20,0.6531292874096153,0.24626442821491268,0.35217662882150114,0.8580223428907414
2017-06-21,0.6859227696972849,0.24575760894985987,0.3622925235976304,0.8799847819320028
2017-06-22,0.6907452921878483,0.24535144304352063,0.36278951938380244,0.8994224051464739
2017-06-23,0.7071103558105845,0.2466196753633143,0.3690899562372969,0.9307923771313942
2017-06-26,0.6770167761379715,0.2473799042608935,0.36511012227643413,0.9022930861550167
2017-06-27,0.6200093144473733,0.23799190628580225,0.3430585932892032,0.8594749766541003
2017-06-28,0.6710181345261053,0.2484853149710029,0.3624568996358586,0.8947186386746449
2017-06-29,0.6222556241051855,0.23794098752786463,0.3425596636672874,0.845605782865839
2017-06-30,0.6277923362900673,0.2398764924080723,0.34189635800714346,0.8517967696192024
2017-07-03,0.6031059223981703,0.24221993943036124,0.335098925367477,0.8240237955245047
2017-07-05,0.6471926128182224,0.2448688990002752,0.3442188947355187,0.8456403693840142
2017-07-06,0.6186675224112703,0.23366262770394886,0.33078840549441413,0.8222944696157437
2017-07-07,0.6476171600050906,0.24140464722477972,0.3447158905216907,0.8615847542627884
2017-07-10,0.6785722171743989,0.24257637073592409,0.34985602592886966,0.864420848753156
2017-07-11,0.7038513101757036,0.2419653456406734,0.3536695500157607,0.8862795282398921
2017-07-12,0.7643684072309169,0.2512870308147297,0.3685929604511251,0.9267803410230693
2017-07-13,0.7647634961711112,0.25322253569493736,0.3714105591299286,0.9124269359803552
2017-07-14,0.7609505172262401,0.2586726190299975,0.37970091296385444,0.9216615363331375
2017-07-17,0.7582410783644498,0.25892721281968534,0.3803642186239984,0.9201743160516029
2017-07-18,0.7960919038093004,0.2599970988149547,0.3868309653514648,0.9304119254314669
2017-07-19,0.7804145463924443,0.2664152306294092,0.395784624845535,0.947324732819147
2017-07-20,0.7869987993662697,0.2670268478032405,0.3969449262918505,0.941202919102134
2017-07-21,0.7810725159033487,0.26605879932384613,0.39628355446745056,0.9299968872133642
2017-07-24,0.7988258112720128,0.2657532867762209,0.4014217560388855,0.9562480545083527
2017-07-25,0.787531445225266,0.26870775889376053,0.40175437578682915,0.9632345311797461
2017-07-26,0.8127246556951921,0.26906419019932315,0.40407497867946085,0.973956351814063
2017-07-27,0.7949011567026489,0.2678924666881788,0.395287629059363,0.9366029121848303
2017-07-28,0.7999366161572252,0.26610971808178374,0.3937947078651034,0.9261577836959152
2017-07-31,0.7914767870360939,0.2656005305024083,0.38799126679778073,0.9093141493445853
2017-08-01,0.8607255209867237,0.26829981675167924,0.39114341906027184,0.932348770449279
2017-08-02,0.8219178001349146,0.26896235268344815,0.39114341906027184,0.8798464358593021
2017-08-03,0.7952903793084483,0.2667207431770344,0.3865002794392649,0.8917096115934011
2017-08-04,0.7721961505621118,0.2686568401358229,0.3888208823318966,0.8837547124131013
2017-08-07,0.7945893948458254,0.2709996950795308,0.3959509347195067,0.8939923217929653
2017-08-08,0.7893064272455039,0.268197979235804,0.39313140220495946,0.8886659979939822
2017-08-09,0.7843728893458557,0.2679433854461164,0.3893178781180684,0.8844464427766059
2017-08-10,0.7039275656636914,0.25036990109327295,0.36013629674322734,0.8150313007989485
2017-08-11,0.7260685600860286,0.25164346212029254,0.36875733648935305,0.8479922526199286
2017-08-14,0.7537712031680692,0.26412329444363847,0.38716358509940885,0.8891847957666104
2017-08-15,0.7512890467562521,0.26402145692776346,0.3860032836530929,0.8819907999861654
2017-08-16,0.7726029017287974,0.26631339311353397,0.3888208823318966,0.900875038909833
2017-08-17,0.7413855605962176,0.2469571601542957,0.36179359397571487,0.8627261093625707
2017-08-18,0.7543302768668299,0.2441554443105689,0.36063329252939913,0.8709577006882718
2017-08-21,0.7609627419854981,0.24588727415902634,0.3599699868692552,0.8743125929512674
2017-08-22,0.8082863418394997,0.25816343145062226,0.3785406115175389,0.9077231695085257
2017-08-23,0.8177209083478152,0.25383356079018804,0.37423009164447585,0.9047487289454572
2017-08-24,0.8416360486630781,0.2514907058464799,0.37273717045021626,0.9105938505170683
2017-08-25,0.8194522172271361,0.25398631706400066,0.3714105591299286,0.8823020786497424
2017-08-28,0.8227731937540819,0.2542415029322691,0.3753903930907916,0.8918133711479266
2017-08-29,0.8323877243937436,0.2558205765069139,0.3795365369256265,0.8978660118285893
2017-08-30,0.8767603581314558,0.26188168493722475,0.39412732761304725,0.9293397433680353
2017-08-31,0.9018385713377799,0.26906419019932315,0.4075578168541518,0.9526164700999549
2017-09-01,0.8910046307210888,0.27125428886921865,0.4088844281744397,0.9478781171099508
2017-09-05,0.8915277584469277,0.2621362787269126,0.3956202488073066,0.9426209663473177
2017-09-06,0.8944244353064816,0.2663643118714716,0.3994337728941979,0.9333517794763602
2017-09-07,0.9245280398559641,0.2663643118714716,0.40059407434051364,0.951959326254626
2017-09-08,0.9171153135411891,0.2642251319595137,0.39230372050658757,0.9502300003458652
2017-09-11,0.9937473396150764,0.2780294440678166,0.40805481264032384,0.9892435928475081
2017-09-12,1.0083778992668635,0.28261331643935783,0.4128642621353025,0.9819112509943624
2017-09-13,0.9994665585335918,0.2831740148552515,0.41419087345559036,0.9745443226230415
2017-09-14,1.021898879291657,0.28271515395523283,0.4073915069801799,0.9841939611939268
2017-09-15,1.0172193982363074,0.2843457383663961,0.4118683367272151,0.9757894372773492
2017-09-18,1.0377661996458403,0.2872486996474173,0.4133612579214745,0.9936706671739355
2017-09-19,1.0480018345136424,0.28847134191649926,0.4148541791157343,0.9946736762010169
2017-09-20,1.0387337655481774,0.28923571536414316,0.4136919438336746,0.9748556012866185
2017-09-21,1.0345084928832762,0.28546595104102224,0.4063975154078363,0.975754850759174
2017-09-22,1.041868904930197,0.28551686979895985,0.4072251971062082,0.9861653927299139
2017-09-25,0.9625062698174878,0.2830721773393765,0.3949569431471631,0.9428630719745443
2017-09-26,0.952985024376499,0.28380872309372895,0.39711123616582245,0.934008923321689
2017-09-27,0.988225567994075,0.28882658906490066,0.41302863817353086,0.9925638985923289
2017-09-28,0.9944379347976111,0.2902085004721826,0.41319494804750256,0.9910766783107943
2017-09-29,0.999221194680243,0.29496999641792465,0.4226456033277446,1.0107909936706672
2017-10-02,1.0271869169197472,0.30029515117246364,0.4271224330747794,1.0315083180576212
2017-10-03,1.0261667198405782,0.3033668548489754,0.43060527124947034,1.0476948085636217
2017-10-04,0.9571390351259919,0.30505605503962485,0.4314348867835862,1.0410887835921558
2017-10-05,0.9855039258852094,0.3126334767150296,0.44254283929631577,1.055407602116695
2017-10-06,0.9762272467715232,0.31125156530774767,0.44353876470440357,1.0756061287310206
2017-10-09,0.9818281097348924,0.3090496250662387,0.4412162279760281,1.0684813059869263
2017-10-10,0.969492636096462,0.3124292096046988,0.4428754590442596,1.0601113685885242
2017-10-11,1.0140458798162664,0.31432326898425966,0.44635636338320706,1.070314391450213
2017-10-12,1.0243312165343035,0.3124292096046988,0.44386945061660343,1.0803790682392003
2017-10-13,1.021308458943981,0.31391355060643655,0.4470196690433508,1.0846677964929272
2017-10-16,1.0158104164961035,0.3160639800114271,0.45099950300421376,1.0716632656590463
2017-10-17,0.9916936572862116,0.3168834167670733,0.45099950300421376,1.0709715352955418
2017-10-18,1.0097602038887414,0.3180095502275062,0.45099950300421376,1.0857745650745336
2017-10-19,0.9960565387175184,0.31852169819978515,0.4466889831311507,1.0879881022377478
2017-10-20,1.0683734618163387,0.3252796831195437,0.45199542841230134,1.136063362501297
2017-10-23,1.0513972973945833,0.3202108983904344,0.4427091491702877,1.1128558088057274
2017-10-24,1.0764811476937077,0.3222079794430317,0.445362371810863,1.1267595891121638
2017-10-25,1.0747170307371317,0.3160130612534895,0.4377353236370809,1.111195655933317
2017-10-26,1.1101614180548673,0.3175998318496831,0.436408712316793,1.1167294988413516
2017-10-27,1.1438822828008912,0.32814711968572463,0.4680772064582379,1.1380693805554594
2017-10-30,1.1466247747541436,0.32359048292889425,0.4675802106720659,1.1363400546466984
2017-10-31,1.1565649285887236,0.32507482393063203,0.4740469573995323,1.180403278801923
2017-11-01,1.1267156700865968,0.3272252533356228,0.4715600446329289,1.1560889565247465
2017-11-02,1.1146635020155378,0.32794226049681297,0.47139373475895696,1.169646871649431
2017-11-03,1.1621471823305782,0.33208917887582023,0.48217100135948643,1.186663438591637
2017-11-06,1.189532144604518,0.33434203787526684,0.48731113676666515,1.184242382319372
2017-11-07,1.1746001158073822,0.33367654155059445,0.4831669267675742,1.1554663991975929
2017-11-08,1.184891904248623,0.33598031930797867,0.4879744424268089,1.1705115346038113
2017-11-09,1.19428776932802,0.3311163937677808,0.4795197125546551,1.1432573582817418
2017-11-10,1.226748320829182,0.33019511949625957,0.48018301821479903,1.1567461003700759
2017-11-13,1.2332969928353448,0.33167946049799735,0.48150962953508647,1.1545671497250374
2017-11-14,1.235141572376882,0.32901747519930846,0.47736348570025156,1.1534257946252553
2017-11-15,1.2397825831537386,0.3218497719017268,0.47089673897278495,1.1369626119738525
2017-11-16,1.3413807888635643,0.3329086156314667,0.49029697915518455,1.189983744336458
2017-11-17,1.3816661775468058,0.3292732531461575,0.4874774466406371,1.1920243489087952
2017-11-20,1.4136710837231465,0.3313727637932107,0.48930105374709676,1.205340158406253
2017-11-21,1.509333343743755,0.3400248080925301,0.5052203895905489,1.2318680178466432
2017-11-22,1.5268447011791197,0.33905202298449044,0.5060480712889208,1.2346695258188358
2017-11-24,1.5457657505790334,0.341868540792734,0.5106912109099275,1.2584304638052086
2017-11-27,1.3654423415378134,0.3414588224149109,0.5083706080172963,1.2287206446926988
2017-11-28,1.3893776568858707,0.35497538433300857,0.5158313463171063,1.2421402137446824
2017-11-29,1.2245450012355237,0.35410502881942496,0.49626673009647915,1.151350603534742
2017-11-30,1.2601880640332364,0.36644394644057154,0.5075409924831804,1.1651506242866532
2017-12-01,1.2312052507749809,0.3632183023330855,0.5017375514158577,1.1472348078718917
2017-12-04,1.1190251516425178,0.3617842880107047,0.48582014940814955,1.0625324248607892
2017-12-05,1.1304053910977596,0.35671609536017623,0.4831669267675742,1.0612527236883063
2017-12-06,1.158338006370101,0.3570227920649629,0.48648345506829327,1.0718016117317468
2017-12-07,1.200712887177882,0.36111879168603256,0.49427681311604754,1.1171445370594544
2017-12-08,1.18421290561857,0.3685428650090439,0.50008025418337,1.1123370110330995
2017-12-11,1.211615675660052,0.3732528501182677,0.5078716783953805,1.1257219935669078
2017-12-12,1.2041436628545998,0.37535236076532086,0.505054079716577,1.1023760937986373
2017-12-13,1.1970097721739252,0.37504507198195336,0.5080379882693524,1.1202227371770483
2017-12-14,1.214790249492705,0.3697205093059952,0.503893778270261,1.125756580085083
2017-12-15,1.2382124267420087,0.3812915010080138,0.5216347873844289,1.1606543769238753
2017-12-18,1.2643610941950438,0.3898926265493956,0.5339049751792182,1.179746134956594
2017-12-19,1.2354081023941519,0.3844022818708499,0.5271056087038077,1.1573686576972295
2017-12-20,1.1915529320606737,0.38368231431675603,0.5262779270054359,1.1434648773907932
2017-12-21,1.1965251172232407,0.38645975493867546,0.5272719185777797,1.1393490817279424
2017-12-22,1.175715210639213,0.3860997711616285,0.5261116171314641,1.1265174834849376
2017-12-26,1.1844463334565938,0.3843507710343317,0.5211339239267694,1.1343686231107117
2017-12-27,1.1996953386903448,0.38522527109798,0.5218010972584008,1.1382077266281603
2017-12-28,1.1710276606412644,0.38779726045240737,0.5241410385084713,1.1371355445647287
2017-12-29,1.1512543007447045,0.38296234676266216,0.5139497241383311,1.1189776225227406
2018-01-02,1.202414718314981,0.39325030418037077,0.5366684264571935,1.1473731539445926
2018-01-03,1.2741313967939902,0.40132625602069916,0.5495323018253473,1.1743506381212603
2018-01-04,1.2941801948361826,0.40739624562972,0.5523711726973333,1.203749178570193
2018-01-05,1.3838095783989939,0.41629518669717847,0.5652331142297435,1.214436412686335
2018-01-08,1.395507193845785,0.41943320317472543,0.569744753020168,1.2258153771659805
2018-01-09,1.3898988124810296,0.422673649246728,0.5710810335191747,1.2242589838480962
2018-01-10,1.3891168652398749,0.4204101328328296,0.5689093359788207,1.2172033341403519
2018-01-11,1.4246298560753434,0.4304926389830457,0.5817712775112307,1.2590876076505375
2018-01-12,1.4201447531580413,0.43985458550058754,0.5924634553390302,1.2796319994466159
2018-01-16,1.3776781711474966,0.434659095955215,0.5844438385092445,1.246428941998409
2018-01-17,1.4291779142239665,0.4489595699141189,0.60081569191676,1.2731643205478504
2018-01-18,1.4402296767279217,0.4467990751732569,0.6003148284591002,1.2844395254729708
2018-01-19,1.4982741461100626,0.4531260268862882,0.6091679284944895,1.3128696434129976
2018-01-22,1.5753786768553062,0.4646484681446921,0.6248706747346293,1.3314080171549132
2018-01-23,1.571376925546009,0.4680434467262493,0.6358954723103727,1.3511223325147856
2018-01-24,1.555885696495924,0.46727196833563744,0.6260387115239205,1.3336561408363021
2018-01-25,1.600999121009044,0.46783799545875726,0.6250369846086012,1.3420952512710542
2018-01-26,1.6663795723314596,0.4848643992030621,0.645918542970797,1.3928336734340956
2018-01-29,1.6424113708084458,0.4750394472354369,0.6370635090996639,1.3647148341576454
2018-01-30,1.6227201603439538,0.45909299482227284,0.622865287068247,1.3524020336872686
2018-01-31,1.6832826459348014,0.4616649841767,0.6248706747346293,1.3702140905475044
2018-02-01,1.5443671106933667,0.4598135544549473,0.6195236189028577,1.3552035416594612
2018-02-02,1.4928519282344,0.42761217668809004,0.5869500896332864,1.316604987375921
2018-02-05,1.3779455314492588,0.36855885113072206,0.5259781824651377,1.2479507487981185
2018-02-06,1.4117315909322263,0.39535928808471454,0.5595534386500278,1.2788710960467609
2018-02-07,1.4131926010029972,0.3867688199577848,0.5451889067446389,1.2938816449348045
2018-02-08,1.3190533635078459,0.3354829733002165,0.4852187264918091,1.2102514439871337
2018-02-09,1.3489312106827716,0.35631644231822457,0.5076028752269839,1.244319164389721
2018-02-12,1.4099579332705354,0.3743718786357324,0.5309887508774778,1.2817763635734791
2018-02-13,1.4550445687218159,0.3783838030983473,0.5375038434985406,1.3296441047279774
2018-02-14,1.5355655194284248,0.3973652503160219,0.5665713285644942,1.409538961712724
2018-02-15,1.5989812742453302,0.41470071907943606,0.5917943481716548,1.4699270224466505
2018-02-16,1.5854535259728304,0.415060702856483,0.5881200602583216,1.4823089959533777
2018-02-20,1.617583634749029,0.406418723893035,0.586783779759315,1.5069000103759556
2018-02-21,1.5422912098507826,0.39916576127983694,0.5829412481362657,1.5049977518763185
2018-02-22,1.5792731222705472,0.40106870183810805,0.5816049676372588,1.5085255767301904
2018-02-23,1.6255619587528525,0.4234451276373399,0.609835101826121,1.5491301490678935
2018-02-26,1.6613579672375902,0.44011154760459803,0.6283786527739905,1.5782865838896
2018-02-27,1.642268729233281,0.42221064379664464,0.6083325114531422,1.5624113720471762
2018-02-28,1.658424182630001,0.4060587401159881,0.5956368797947038,1.564659495728565
2018-03-01,1.6418938293921301,0.38733425500232377,0.5752561848901676,1.5440459308961367
2018-03-02,1.646462841942924,0.3950502230656052,0.5919606580456267,1.618925742745478
2018-03-05,1.753583145249134,0.41048215919216813,0.6078316479954824,1.6542731643205477
2018-03-06,1.7650213429198227,0.41434014322380874,0.6168510579048436,1.6715318368899803
2018-03-07,1.7998246948227297,0.41382621901578776,0.6221981137366155,1.7112717462733027
2018-03-08,1.8457340646390668,0.4204101328328296,0.6295466895632817,1.737004115795663
2018-03-09,1.8790018263332868,0.44453555875935846,0.6589467943771792,1.7438522463943555
2018-03-12,1.8880919683070512,0.44335258575518144,0.6649610235405825,1.7532251928198388
2018-03-13,1.8371669014032137,0.4339906392376396,0.6477556869274637,1.7150762632725765
2018-03-14,1.935031702804424,0.42663465495140507,0.6445822624717901,1.7480718016117316
2018-03-15,1.926092855183601,0.4251426169281187,0.6420760113477479,1.737211634904714
2018-03-16,1.9137745835179518,0.4264286116053322,0.6419097014737762,1.742780064330924
2018-03-19,1.8759009054418794,0.40729322395668355,0.6116722457827877,1.6985439075848237
2018-03-20,1.9918669422115016,0.40976219163807426,0.6151802238221489,1.7514612803929026
2018-03-21,1.9578017896919717,0.4071902022836471,0.6108387625771843,1.7602462560094079
2018-03-22,1.8658032203676989,0.3717353527160123,0.5710810335191747,1.7049769999654139
2018-03-23,1.7426307595083705,0.34259265289689234,0.533328692127548,1.6317573409884827
2018-03-26,1.7952837464115272,0.3796413780036887,0.5836084214678972,1.7203680005533841
2018-03-27,1.675483055973714,0.35545911253341544,0.5371692899148532,1.6090685850655415
2018-03-28,1.5365671232248888,0.35184210448410713,0.5248082118401027,1.5488880434406669
2018-03-29,1.6053466570648247,0.3712190601936689,0.5503677188666947,1.606370836647875
2018-04-02,1.5458023237038332,0.3393889156968912,0.5081037386846436,1.5495106007678205
2018-04-03,1.5249032043389215,0.3568025388329539,0.5239727947987554,1.5705046173001764
2018-04-04,1.5461493515745461,0.37256248649320733,0.5468597408273335,1.6103136997198493
2018-04-05,1.5716293921151823,0.38212159517811206,0.5537074531963404,1.617507695500294
2018-04-06,1.4752038359311546,0.3515833661443548,0.5184613629287556,1.5703662712274755
2018-04-09,1.4955492735811031,0.35742244510691457,0.5264790459227973,1.5812956109708436
2018-04-10,1.57479393920717,0.3794862534155532,0.5578845384030768,1.6326911769792138
2018-04-11,1.5433314202186024,0.37199409105576486,0.5522048628233616,1.6450731504859406
2018-04-12,1.6021642804392622,0.3837237598174028,0.5679076090635014,1.68028222598831
2018-04-13,1.5374942505894964,0.3794862534155532,0.5605570994010911,1.6468716494310516
2018-04-16,1.525751161375085,0.39095777591601943,0.5719164505605221,1.6738145470895445
2018-04-17,1.6378878201268399,0.4058390789625599,0.5989766141243495,1.7556116625739286
2018-04-18,1.7036997132164577,0.4064589852365206,0.6021519724157669,1.7795109466330024
2018-04-19,1.667738580595672,0.3988632091251152,0.5894563407573288,1.7667831079445233
2018-04-20,1.6762839119094943,0.3870820295269588,0.5692438895625083,1.7298101200152178
2018-04-23,1.6341483858003407,0.3870820295269588,0.5657359115231468,1.7197108567080552
2018-04-24,1.4217875462156253,0.36873884301924553,0.5390083677072637,1.660049112855809
2018-04-25,1.3796219990280294,0.3714772064548406,0.5386738141235758,1.6365994535330128
2018-04-26,1.4613294184567476,0.3855834786392849,0.5647322507720838,1.6978175907031439
2018-04-27,1.4674945259518841,0.3868238832657871,0.5635642139827926,1.6762010168436343
2018-04-30,1.4955086437408558,0.3760758807908986,0.5517039993657018,1.6892401341956904
2018-05-01,1.488248553830969,0.37876273338997546,0.5660685312710909,1.7040085774565075
2018-05-02,1.4570890970768793,0.36915211386855273,0.5588862653183961,1.7299484660879187
2018-05-03,1.5318505645525824,0.3662065229297231,0.556880877652014,1.772697402552485
2018-05-04,1.5470656116032204,0.3838782923269577,0.5836084214678972,1.8211185279977862
2018-05-07,1.614117853367799,0.38889082959090326,0.5958031896686757,1.861999792480891
2018-05-08,1.6920494426100405,0.3883224341534608,0.5961377432523636,1.9058554975270638
2018-05-09,1.7351113124013566,0.40258383092604055,0.612175043076191,1.952478124027254
2018-05-10,1.7688841721310813,0.41529516597442817,0.626707818691296,1.9887247950748796
2018-05-11,1.7578359741637248,0.41824016483467674,0.6268741285652679,1.9721924393871268
2018-05-14,1.7312848196794648,0.4200489648986212,0.6287112725219344,1.9114585134714486
2018-05-15,1.727332889735218,0.4096627224365217,0.6153484675318648,1.9098329471172137
2018-05-16,1.779912271600376,0.41632834309769584,0.6262069552336362,1.937640507730087
2018-05-17,1.7601333158161276,0.4151915522228111,0.622865287068247,1.9452149552104587
2018-05-18,1.7838796343340553,0.4117296687616381,0.6166847480308717,1.9839172690485252
2018-05-21,1.8118619386308321,0.4220644003872194,0.6257060917759767,1.9652059627157334
2018-05-22,1.7397038611005624,0.41824016483467674,0.6225307334845591,1.9116314460623252
2018-05-23,1.76517615623751,0.42227103581187286,0.6327220478546991,1.9401307370387024
2018-05-24,1.793455785353561,0.41968720488583244,0.6323874942710115,1.9547954207449938
2018-05-25,1.7958462222641671,0.41570843682373537,0.6342246382276782,1.9674194998789472
2018-05-29,1.8188223641282173,0.3999484891634819,0.626707818691296,1.9854390758482343
2018-05-30,1.8633746019159743,0.4186540277625648,0.6410742844324286,2.0215819873413343
2018-05-31,1.8831890878333835,0.4092494515872147,0.636897199225692,2.0262857538131636
2018-06-01,1.9361829544603801,0.42371748378444796,0.6614530455012211,2.0763324456127004
2018-06-04,2.025867096374937,0.4303315936091039,0.6729787065346244,2.11406633694186
2018-06-05,2.0602545906377023,0.4316235090721241,0.6801629063230628,2.1422197627364854
2018-06-06,2.113278966367112,0.4439215732712045,0.6911877038988061,2.1658077681319825
2018-06-07,2.0264399075671555,0.44299141782097307,0.6794937991556873,2.0649534811330543
2018-06-08,2.0694513831511876,0.4470216967195886,0.6816654966960416,2.098640749835714
2018-06-11,2.042977816437077,0.44945040305749373,0.6848408549874592,2.117940026977484
2018-06-12,2.129504131799044,0.45141373563099285,0.6941948184805078,2.1933732231176286
2018-06-13,2.1048750917297925,0.4464017904456279,0.6925239843978133,2.2047176010790994
2018-06-14,2.1608971140944226,0.4504835801807614,0.7073913135966057,2.2469477397710373
2018-06-15,2.1758663188195024,0.44841663385564523,0.7038833355572442,2.252550755715422
2018-06-18,2.233831204824409,0.44526499957074295,0.7040496454312162,2.2957147303980907
2018-06-19,2.2151275274690003,0.43994280520910745,0.6995399404765357,2.2628921246498113
2018-06-20,2.275095244595445,0.44293931490587424,0.7120692622610021,2.2887628402448725
2018-06-21,2.2257367676641113,0.43296693537166253,0.6967010696045499,2.2223913118666347
2018-06-22,2.1719713260323883,0.4359119342319113,0.6921894308141254,2.1401791581641474
2018-06-25,2.0027299124840923,0.41632834309769584,0.6571096504205123,2.028395531421852
2018-06-26,2.0333962294021957,0.41970911179331716,0.6636247430415754,2.055269256043994
2018-06-27,1.906439338218707,0.40750933263862765,0.6377326162670394,1.9561788814720025
2018-06-28,1.9693619883466602,0.4163348559620832,0.6509291113831372,2.0282917718673263
2018-06-29,1.97819432953376,0.4175290784592931,0.6522653918821444,2.037768477847335
2018-07-02,2.039750948089281,0.421526200957391,0.6651292672502982,2.0874693044651194
2018-07-03,2.0012693785582427,0.4158677059619351,0.6504282479254777,2.0768858299035036
2018-07-05,2.0883545156131365,0.4280153822015258,0.6696389722049787,2.1151731055234673
2018-07-06,2.181270552708909,0.43912514468920305,0.6921894308141254,2.1709957458582645
2018-07-09,2.190463648020725,0.4526233521713001,0.7070567600129178,2.182270950783385
2018-07-10,2.145165906221471,0.457918310918225,0.7077258671802933,2.1541521115069346
2018-07-11,2.1689846604601395,0.4470684709274615,0.6980373501035568,2.163110019714315
2018-07-12,2.2848285487302253,0.4595275805004839,0.7219240892117105,2.2554906097603156
2018-07-13,2.2623606123078783,0.4610332363311258,0.7224249526693702,2.2431432227717636
2018-07-16,2.267196250163046,0.4605139834158789,0.7169135207993702,2.238024418081832
2018-07-17,2.3372961802666756,0.46643240090824856,0.7289400452904331,2.28986960882648
2018-07-18,2.3440036900069607,0.4696509400727664,0.7286054917067453,2.2952996921799884
2018-07-19,2.404484835482414,0.4635773979922615,0.7222586427953983,2.2863071974544322
2018-07-20,2.404150461727204,0.4620196392465208,0.7209223622963912,2.2811883927645007
2018-07-23,2.449957732174372,0.46471951757437235,0.7267683477500788,2.3104140006225573
2018-07-24,2.3752012800109457,0.472039385067186,0.7254320672510717,2.2232213883028393
2018-07-25,2.4852009326980102,0.4856927171374186,0.744476481656601,2.3142876906581815
2018-07-26,2.436998238646354,0.4805534750572096,0.7286054917067453,2.3082004634593436
2018-07-27,2.305382694349416,0.47105298215179126,0.7027133649322095,2.1664649119773114
2018-07-30,2.1071473890052954,0.46279822258010084,0.6793274892817154,2.0254210908587833
2018-07-31,2.0420145060668013,0.4706373429881614,0.6886814527747642,2.0180887490056376
2018-08-01,2.1124342633231508,0.4685609234057544,0.6963665160208621,2.0877805831286964
2018-08-02,2.3209248557851754,0.4755693575651361,0.7175806941310019,2.1868709577006884
2018-08-03,2.189433773288274,0.48242207505780166,0.7194178380876683,2.1434994639089684
2018-08-06,2.2699599865243325,0.48813267296835616,0.7301100159154681,2.2071040708331893
2018-08-07,2.278934008762896,0.49238971796336806,0.7357896914951836,2.2633417493860892
2018-08-08,2.2760847111425027,0.49187046504812115,0.7364568648268153,2.2521357174973193
2018-08-09,2.2740405835915807,0.49052052588419537,0.7374605255778783,2.2925673572441463
2018-08-10,2.3138577165366687,0.479930016311765,0.7266020378761067,2.2964064607615953
2018-08-13,2.3376391173019515,0.4749464908982721,0.7222586427953983,2.264863556185799
2018-08-14,2.429672202655902,0.4843948808885916,0.7336179939548295,2.317020025594023
2018-08-15,2.3074685915863813,0.4725580459038523,0.7129046793023495,2.263929720195068
2018-08-16,2.3207909653009002,0.4852776700523693,0.7200869452550438,2.2909763774080862
2018-08-17,2.314461605017788,0.49015758171424517,0.7222586427953983,2.2926365302804967
2018-08-20,2.3533320232737847,0.49379116796381206,0.7234286134204331,2.3053989554871515
2018-08-21,2.3837396803404194,0.49633532962494775,0.7312799865405031,2.3417839726074776
2018-08-22,2.4475514797665436,0.4962832267098489,0.73812769890951,2.3864005810535054
2018-08-23,2.475454397958509,0.49373965712729384,0.7357896914951836,2.4229239442465325
2018-08-24,2.5434070212814266,0.5030323304508975,0.7506570206939762,2.518694013073704
2018-08-27,2.557675539217712,0.5149206762721548,0.766359766934116,2.5414173555148203
2018-08-28,2.6497222007449817,0.515335723357204,0.76903232793213,2.553107598658043
2018-08-29,2.821775782367646,0.5239019162623264,0.7864039744192206,2.5879708089786604
2018-08-30,2.880492824801225,0.5174127350181916,0.7818942694645401,2.5659737834192233
2018-08-31,2.9067373103301275,0.5181913183517715,0.7864039744192206,2.565178293501193
2018-09-04,3.0029032036759853,0.5156477487692166,0.7818942694645401,2.6110400166015286
2018-09-05,2.817048718722595,0.511546420440921,0.7606800913544005,2.497803756095874
2018-09-06,2.844835666221475,0.507133658779193,0.7449773451142605,2.5004323314771906
2018-09-07,2.917986104039557,0.5034473775359465,0.7408002599075239,2.570297098191125
2018-09-10,2.902721292583587,0.5068222254457613,0.7454782085719203,2.594957285650054
2018-09-11,3.031878924056752,0.5118578537743528,0.7558358328160322,2.6234565766264315
2018-09-12,2.985658914618259,0.51196146752597,0.7514924377353234,2.623629509217307
2018-09-13,2.7372906138316755,0.5206833770978083,0.7648552427253932,2.6341438107425725
2018-09-14,2.761589998587321,0.5206312741827095,0.7641880693937617,2.642237055995573
2018-09-17,2.587360458969623,0.5129999733564639,0.7389631159508574,2.52052709853699
2018-09-18,2.645559786046786,0.5214619604313886,0.7518250574832674,2.5631031024106807
2018-09-19,2.5429451418740583,0.5225519770984006,0.7499879135266008,2.4911285580880573
2018-09-20,2.6154683735803927,0.5354267258350527,0.7678623573070951,2.5272714695811573
2018-09-21,2.560939825758234,0.5333503062526459,0.7586747036880181,2.4799225261992874
2018-09-24,2.5802423448165324,0.528729725009103,0.7610127111023441,2.4963511223325145
2018-09-25,2.872428977873171,0.5271204554268443,0.7638535158100739,2.565143706983018
2018-09-26,2.857177388920762,0.5226230265280809,0.7598446743130529,2.519178224328157
2018-09-27,2.9650119647902597,0.5267942201288955,0.7712040254724843,2.529450420226196
2018-09-28,2.9938988669299356,0.5263247018144248,0.7720394425138315,2.5359526856431365
2018-10-01,2.922636777250546,0.5322685786857633,0.7700340548474494,2.45865181752153
2018-10-02,2.921864334680539,0.5316433437045767,0.7621826817273794,2.362259191367205
2018-10-03,2.9052523110487303,0.532685994085135,0.7676960474331229,2.395220143188185
2018-10-04,2.776496966807654,0.5211629607481505,0.7359560013691555,2.28516584235465
2018-10-05,2.7589109938755083,0.511725228172283,0.7164126573417107,2.2603673088230205
2018-10-08,2.46153745003585,0.5117773310873819,0.7050533061822795,2.128350568948224
2018-10-09,2.4629106224004556,0.5099525449017592,0.7052196160562514,2.09563172275447
2018-10-10,2.1319170410531045,0.4612528974845542,0.6340583283537062,1.9325908760765054
2018-10-11,1.8682532199452622,0.43038547275994454,0.6163501944471839,1.899249472555598
2018-10-12,2.0474848806086867,0.4496771691538901,0.6512636649668251,2.028464704458202
2018-10-15,2.029660457133702,0.44185640318183017,0.6362300258940605,2.0088541486528553
2018-10-16,2.230037500806038,0.47361016954170143,0.6861771354864659,2.1705115346038117
2018-10-17,2.174828556726631,0.47329755205110824,0.6841717478200835,2.154221284543285
2018-10-18,2.0577912882572336,0.45218047739295963,0.6489256575524986,2.072147476913499
2018-10-19,2.0598340279921374,0.450928823273425,0.6404051772650532,1.9663127312973403
2018-10-22,2.136751717678814,0.44545387263797664,0.6454176795131374,2.0273925223947704
2018-10-23,2.1121364428151765,0.43685097086085256,0.6390688967660465,2.0095458790163594
2018-10-24,1.9121698867732024,0.39289564911054997,0.5672385018961259,1.8524193269463565
2018-10-25,2.10257639126325,0.41834081819339053,0.6091679284944895,1.956317227544703
2018-10-26,2.014035419416515,0.39268723745015444,0.5802686871382519,1.8630719745443227
2018-10-29,1.8715873993239573,0.3849179823146127,0.5540420067800282,1.834883962231522
2018-10-30,1.9202941809703828,0.40707829943190066,0.5782632994718695,1.8993878186282984
2018-10-31,2.0988910019276994,0.422199394303612,0.6101696554098088,1.9992045100819702
2018-11-01,2.229442769595594,0.43606883505578864,0.6384017234344148,2.063189568706118
2018-11-02,2.2640279127487264,0.4280911682598514,0.6216953164432117,2.0091308407982567
2018-11-05,2.172820868870225,0.43685097086085256,0.6153484675318648,1.962439041261716
2018-11-06,2.234287589760808,0.445141255147383,0.6265395749815801,1.9569743713900323
2018-11-07,2.447431033722785,0.47626919444748705,0.6688035551636315,2.1507280462075884
2018-11-08,2.2424780857019715,0.4730885483121319,0.6606176284598739,2.113374606578356
2018-11-09,2.138010580004022,0.45974072878952477,0.632888357728671,2.042264725210113
2018-11-12,2.002697731209406,0.4313239173103054,0.587785506674634,1.9385397572026424
2018-11-13,2.068047182364468,0.42923802447060777,0.5884526800062655,1.947601424964549
2018-11-14,2.04470324872997,0.4193313656588502,0.5740881481008764,1.9213502576695602
2018-11-15,2.1991984113989633,0.4336703247254976,0.6024865259994547,2.0271504167675443
2018-11-16,2.111393129913363,0.43773731249611436,0.5999802748754124,2.002593988863141
2018-11-19,1.8035011024436867,0.41370010627810516,0.5517039993657018,1.7425379587036973
2018-11-20,1.7489523533213172,0.3874733934687813,0.5244736582564149,1.7369349427593126
2018-11-21,1.7799625872222165,0.3919572045601891,0.5381729506659163,1.8108463320997479
2018-11-23,1.8024242989610162,0.38335430278306526,0.5308224410035058,1.8349185487496973
2018-11-26,1.9447788995387687,0.40504450950730164,0.5623942433577576,1.9425172067927923
2018-11-27,1.9388632696856094,0.4094768097621917,0.5632296603991049,1.9090028706810087
2018-11-28,2.1044414180045075,0.44237743233281934,0.6093342383684615,2.066336941860063
2018-11-29,2.090955082672893,0.43945789285153936,0.6058262603291,2.092000138346073
2018-11-30,2.119661714247701,0.4495208604085934,0.6180210285298786,2.1352678725832672
2018-12-03,2.2158973621933558,0.4670925685256948,0.6424105649314358,2.1814754608653546
2018-12-04,1.9340949564644911,0.42099984309917615,0.580100443428536,2.0383218621381385
2018-12-06,2.0325774604808924,0.4172975757342514,0.5864492261756271,2.1109535503060908
2018-12-07,1.8337941177163435,0.3848658793995139,0.5386738141235758,1.9828105004669179
2018-12-10,1.9455196822522294,0.3869517722392115,0.5503677188666947,2.038702313838066
2018-12-11,1.9241114130414303,0.3872122868147061,0.552872036154993,2.0447549545187287
2018-12-12,2.0118546396265216,0.39472102737475323,0.5675730554798135,2.1081866288520734
2018-12-13,1.9936963413287594,0.39341727034011953,0.5610579628587506,2.0916542731643206
2018-12-14,1.8734794131855343,0.3681811049962551,0.5264790459227973,2.020994016532356
2018-12-17,1.720175086504852,0.34035222754764005,0.49240099244450386,1.8706810085428702
2018-12-18,1.7853858905339868,0.34019473464518213,0.4977461144405315,1.9133607719710857
2018-12-19,1.741240658144671,0.3198526908491295,0.46567344862862026,1.9095908414899871
2018-12-20,1.6290274864084773,0.2972554197393078,0.44429102680876476,1.8225711617611458
2018-12-21,1.4747116699263527,0.27062135686648325,0.3988555560067839,1.692179988240584
2018-12-24,1.4014919590889825,0.23780066490424612,0.3672837536525322,1.6975408985577425
2018-12-26,1.620732114707526,0.29851358672323003,0.46556708766270805,1.8937502161657385
2018-12-27,1.6613033857535862,0.31104433780451335,0.4715987213478059,1.9439698405561514
2018-12-28,1.634839487334296,0.308903973735394,0.47194487794595696,1.9377442672846126
2018-12-31,1.6664282355579072,0.3208734343222033,0.48331776595559517,1.9750631203956694
2019-01-02,1.7055549482301164,0.32145071093835575,0.49038400176365804,1.9596029467713487
2019-01-03,1.5286431465287063,0.28843048849443287,0.44557702757843143,1.847888493065403
2019-01-04,1.737293350898928,0.33373515733008086,0.5069279665523769,1.9889323141839315
2019-01-07,1.826527257173427,0.3427122527701878,0.5258853583494325,2.0975685677722824
2019-01-08,1.8991129906024704,0.35594106449808005,0.5420851003757443,2.147269394390067
2019-01-09,1.9930878835036454,0.36224078059640075,0.5541503015816842,2.1683671704769485
2019-01-10,2.0104870850056975,0.36759553927997324,0.5598377125043754,2.180472451838274
2019-01-11,2.0205197819103504,0.36686076976136284,0.5570800627336316,2.176356656175423
2019-01-14,1.9901598374236995,0.3602460678581261,0.5427754797363022,2.1302874139660357
2019-01-15,2.04306306445041,0.3749450107018204,0.5696596642474381,2.20803790682392
2019-01-16,2.037962105162619,0.37856734745835463,0.572073091255775,2.207034897796839
2019-01-17,2.1036667343562376,0.3886989961307665,0.583792135863564,2.254902638951337
2019-01-18,2.1937048176930714,0.4072831586208121,0.6005082120334864,2.3217583785840277
2019-01-22,2.049996069069856,0.3885415032283084,0.5698317756286415,2.2622003942863076
2019-01-23,2.086726520415201,0.39053680804516366,0.571382711895217,2.268425967557846
2019-01-24,2.239182019264456,0.3919015491736062,0.5808623747116166,2.2927748763531977
2019-01-25,2.3235219849867614,0.4042907934741098,0.602577416279416,2.373153944592398
2019-01-28,2.2593672874717052,0.39300399949081255,0.584480581388378,2.347386988551863
2019-01-29,2.03500432195244,0.3910613896676367,0.5715567571121642,2.2900425414173555
2019-01-30,2.1442705998700364,0.413372686822995,0.6070581136979385,2.3710787535018847
2019-01-31,2.1359196173332564,0.42555233530594183,0.6279106645239767,2.4831044858714075
2019-02-01,2.140547783038124,0.4263397998182319,0.6241184126302679,2.537647425033722
2019-02-04,2.186809325393162,0.43657624639942205,0.6420431361401022,2.6139452841282473
2019-02-05,2.201994021695067,0.4427184695952846,0.6546227376539091,2.642237055995573
2019-02-06,2.211018395290899,0.440566263954552,0.6499699288541829,2.650261128212223
2019-02-07,2.1664034984395704,0.42702187434316285,0.6304962029135168,2.6134264863556185
2019-02-08,2.2280182749662836,0.428596803367743,0.633425964065464,2.674471690934874
2019-02-11,2.243816438903491,0.42938426788003303,0.6356653458568535,2.671704769480856
2019-02-12,2.3059167033320884,0.44796843037007883,0.6596217030517861,2.7594507660913776
2019-02-13,2.2869659182282716,0.4523782316389031,0.6609985941014143,2.737211634904714
2019-02-14,2.308355047798181,0.44907088068728473,0.6627235755849368,2.765122955072113
2019-02-15,2.313955558318023,0.4655022454580171,0.6734080180697612,2.7753605644519763
2019-02-19,2.3483958568165035,0.46754965318997144,0.6763377792217085,2.790094421194618
2019-02-20,2.3177934308961534,0.4703845254342156,0.6775444927258767,2.772697402552485
2019-02-21,2.2765849302693737,0.46576453626925374,0.6706503682990175,2.755334970428527
2019-02-22,2.3397487135490245,0.4742164580083068,0.6858155082023643,2.80648843080967
2019-02-25,2.3814624318503417,0.47652674863007816,0.6923654098668168,2.8401065264759797
2019-02-26,2.3839669860983768,0.47542429831287203,0.6904702508378344,2.8306644070141456
2019-02-27,2.4844937186156804,0.4746889367156808,0.6920211871044095,2.8800885414865283
2019-02-28,2.543196632695479,0.4715917736602,0.6873664444689398,2.846677964929271
2019-03-01,2.459031046782059,0.48203840813752796,0.7014989160850653,2.8924013419569055
2019-03-04,2.3597435345136852,0.47600157492902473,0.6971903300477464,2.784975616504686
2019-03-05,2.3979319841147113,0.4741116600995283,0.6973624414289499,2.765019195517587
2019-03-06,2.37394497523474,0.46471478094572705,0.6811626994026381,2.7241033445163074
2019-03-07,2.3451266066649303,0.45290281326137594,0.6627235755849368,2.745270293639539
2019-03-08,2.3568707593396887,0.4499631431083533,0.6601380371953967,2.7493515027842146
2019-03-11,2.455450104678741,0.4710144970440475,0.6934000119897816,2.8448102929478094
2019-03-12,2.5021620585604607,0.4762117628251621,0.700982581941455,2.8569847473454852
2019-03-13,2.5600557314100283,0.48644820940635247,0.7128737379304475,2.8675336353889254
2019-03-14,2.5475747850984414,0.48571343988774185,0.7097718653972969,2.9189983744336456
2019-03-15,2.5289929620094,0.49238083678465805,0.7230418462716612,2.915505136097949
2019-03-18,2.483473592826723,0.498312872084383,0.7289013685755557,2.925466053332411
2019-03-19,2.506863305292376,0.498994946609314,0.7309686389857419,2.95424203645419
2019-03-20,2.488093848371742,0.49361709686109534,0.7326916866335205,2.9557638432538997
2019-03-21,2.5968414301191816,0.5103776573226799,0.7578547573326215,3.0479023276726727
2019-03-22,2.4680144135228517,0.48186374495623063,0.7139083400534123,2.8750043233147724
2019-03-25,2.465877546192053,0.4805463701142416,0.7121833585698898,2.8888735171030335
2019-03-26,2.47011772019565,0.49135062005429364,0.721835132767493,2.9311382423131462
2019-03-27,2.421964467079811,0.4840775267693527,0.7111506902826688,2.8554975270639504
2019-03-28,2.480882564098008,0.4899278552249453,0.7173544353489703,2.8847231349220075
2019-03-29,2.5129356387170785,0.49978359527876526,0.7306244162233346,2.9229758240237955
2019-04-01,2.559427485782011,0.517123800670825,0.7532000146971516,2.930584858022343
2019-04-02,2.511782785078828,0.5174926656265819,0.7576807121156743,2.9594300141804726
2019-04-03,2.5550730942017594,0.5202333973764997,0.7692276453422597,2.971362362950922
2019-04-04,2.449731500228817,0.5238699440189702,0.7680209318380915,2.8574689585999375
2019-04-05,2.479824622787191,0.5308268673418337,0.778879419539863,2.8692975478158615
2019-04-08,2.506333574457494,0.5325136992181603,0.7821534034542175,2.8645246083076814
2019-04-09,2.519522226251926,0.5246076739304841,0.7721574064942072,2.8747622176875454
2019-04-10,2.544386002571408,0.5296148824872038,0.7847389418437576,2.9197938643516754
2019-04-11,2.5680565433231712,0.5295094924998445,0.7807745785688454,2.9425172067927927
2019-04-12,2.5966101513877424,0.5398394874967807,0.7892196392622801,2.9496074430187114
2019-04-15,2.5961062120416836,0.5385748076484709,0.7871523688520945,2.955660083699374
2019-04-16,2.555696399320613,0.5397340975094214,0.7928378459390415,2.9464946563829417
2019-04-17,2.55340220900353,0.5356759909175144,0.7914590210536698,2.8749697367965963
2019-04-18,2.524275977061598,0.5389963675979077,0.7926657345578381,2.845605782865839
2019-04-22,2.5760467584489777,0.540577809486875,0.7962858750703432,2.928405907377304
2019-04-23,2.569318344778568,0.5539647061958064,0.8202402984295318,3.0054646698716834
2019-04-24,2.5344371001293626,0.550697024509093,0.8173105372775846,3.004115795662851
2019-04-25,2.5737809270833156,0.5497485146228607,0.8180009166381423,3.0479369141908492
2019-04-26,2.570686175301051,0.5572850828761993,0.8254113752086123,3.0997129318991457
2019-04-29,2.62964266490183,0.5589719147525258,0.8274786456187984,3.1421160031819593
2019-04-30,2.715381927429242,0.5597623396577194,0.8169663145151775,3.1574032442154047
2019-05-01,2.7303587065340382,0.5484832426959705,0.8061078268134061,3.0884377269740257
2019-05-02,2.6613243956288204,0.5456371209586937,0.8035242222596095,3.0896136685919835
2019-05-03,2.811902249627641,0.5601312046134763,0.8326497223978788,3.1657385950956316
2019-05-06,2.833597809336668,0.5542808761578837,0.8233421709626827,3.1652543838411784
2019-05-07,2.7322903745950105,0.5279807456045567,0.7883571485205187,3.0785113962577393
2019-05-08,2.7014394654328413,0.5259256408510538,0.7837043397207926,3.0909279562826413
2019-05-09,2.6915586903292943,0.5217088571995274,0.7757775470067123,3.1259640991941344
2019-05-10,2.695454593935429,0.5284555926262533,0.7780169287981016,3.1569536194791272
2019-05-13,2.5524381700814036,0.49050750015542066,0.7161477218448018,2.9531352678725833
2019-05-14,2.622179874902864,0.5037890068769928,0.7368281612896364,3.0595579842977205
2019-05-15,2.7309932058605524,0.5128016270319398,0.7571643779720636,3.1072527928613427
2019-05-16,2.8626268072657073,0.5261364208257719,0.7743987221213402,3.2161311520769207
2019-05-17,2.7945860012524424,0.5173872756392228,0.7556134417054885,3.1721716874762214
2019-05-20,2.7306133000374144,0.5072680606170052,0.7302801934609278,3.0982948846539617
2019-05-21,2.7841067544703604,0.5204441773512181,0.7490654738767799,3.155328053124892
2019-05-22,2.8258331381194344,0.5160693087186532,0.740964635945752,3.1741777055303846
2019-05-23,2.730877351665511,0.4971482535162066,0.7132179606928546,3.0735309376405073
2019-05-24,2.777702016467106,0.5008374951523566,0.7156313877011913,3.107598658043095
2019-05-28,2.856893244098022,0.48671286853191154,0.7089093746555353,3.1522844395254728
2019-05-29,2.7333526868255147,0.47701462138054973,0.6949509482563567,3.0624978383426136
2019-05-30,2.7769295242261567,0.4803355901395234,0.7001200911996937,3.1013039117352053
2019-05-31,2.717902388336577,0.4615193328458551,0.6742705088115224,3.0362812575658005
2019-06-03,2.6071512198884834,0.45667080134875504,0.6479026584439971,2.834295991422543
2019-06-04,2.716393863737004,0.4886098883043757,0.6916750305062587,2.9608480614256565
2019-06-05,2.886759855672193,0.501365037167733,0.7023614068268267,3.0360391519385743
2019-06-06,2.945377990150026,0.5113788622025917,0.711667024426279,3.08674298758344
2019-06-07,3.067176240180099,0.5267160657562473,0.739930033822787,3.126552070003113
2019-06-10,3.123825022389255,0.5337256840727902,0.758371091476232,3.164285961332273
2019-06-11,3.113206588985345,0.5334622091043923,0.7581989800950286,3.083284335765918
2019-06-12,3.14766956019207,0.5299837474429607,0.7513048556681692,3.1127520492512017
2019-06-13,3.1702900069480204,0.5369933657595036,0.7619892981529932,3.1301836544115105
2019-06-14,3.1416747175789865,0.53504365099336,0.7525115691723374,3.10604226472521
2019-06-17,3.1757295151918656,0.5364634554298047,0.7635402344195688,3.1744198111576107
2019-06-18,3.1418294656873647,0.550834386739808,0.7883571485205187,3.2071040708331893
2019-06-19,3.328309717440935,0.5550233426980427,0.7955954957097853,3.288866599799398
2019-06-20,3.371273538371046,0.569765507278126,0.8099000787071147,3.337253138726524
2019-06-21,3.310427212691165,0.5673794305980289,0.8052472699073885,3.278386884792308
2019-06-24,3.2076804093328892,0.5657885154517708,0.7999040817471044,3.1844499014284233
2019-06-25,2.9696586246028636,0.550621830529348,0.7730198972359685,3.0832151627295676
2019-06-26,2.9925080146646263,0.5488722383234703,0.7780169287981016,3.0720783038771486
2019-06-27,3.08480670688298,0.5552358989085031,0.791633066270617,3.161726558987307
2019-06-28,3.1020037012403776,0.5630306134230136,0.7997319703659009,3.191298032027116
2019-07-01,3.1573530253571365,0.5766590781928576,0.8190335849253636,3.241413896863003
2019-07-02,3.2343608960587638,0.5814851107038927,0.8240325503232406,3.2776605679106288
2019-07-03,3.2583812745284817,0.5934166782615389,0.8376467539600119,3.3218275516203786
2019-07-05,3.260580375607794,0.5914012427729409,0.835061215570472,3.3325493722546957
2019-07-08,3.281417960164057,0.5831820079160905,0.82093067779009,3.3343824577179815
2019-07-09,3.387819452380775,0.5857273537343877,0.8307526295331527,3.404662262650019
2019-07-10,3.378869847358936,0.5929921579191988,0.844712989768075,3.436170580707641
2019-07-11,3.373204531504398,0.595802754941636,0.8431620535014996,3.454432262304154
2019-07-12,3.4058719848601013,0.6040752768707465,0.8540186073675273,3.4589976827032825
2019-07-15,3.4913764403822105,0.6039160077325463,0.8571204799006782,3.4600352782485384
2019-07-16,3.4016443286657143,0.5985073698981329,0.8491936871865975,3.3984712758966555
2019-07-17,3.44554100548289,0.5881134304144848,0.8398861357514016,3.4358593020440633
2019-07-18,3.5029915396123785,0.5943178218613174,0.8462639260346503,3.4417044236156746
2019-07-19,3.4254694775495453,0.5850381742664887,0.8317872316561175,3.3924878082523433
2019-07-22,3.463648721130528,0.5886439328227642,0.8452293239116855,3.4116833258395873
2019-07-23,3.4460963189443357,0.5999923029784511,0.8562599229946606,3.374122367101304
2019-07-24,3.504472150318775,0.6076816275056023,0.8721135084228215,3.446511949642029
2019-07-25,3.4796739914108086,0.5999390159061913,0.854190718748731,3.427731470272888
2019-07-26,3.530233632782519,0.6108628657195383,0.8731481105457863,3.492477432296891
2019-07-29,3.3678961909744407,0.6079462866311618,0.8652213178317059,3.3726005603015947
2019-07-30,3.3363088084210153,0.6040225818770666,0.8610848431755902,3.375229135682911
2019-07-31,3.3409167789148864,0.5867877664723662,0.8391976902265874,3.283367343409539
2019-08-01,3.5127695056644033,0.5724168351623626,0.8243767730856475,3.2569778300418495
2019-08-02,3.204370946820905,0.561281021217136,0.8002483045095115,3.207761214678518
2019-08-05,3.0138545058849875,0.5143505045989702,0.7364839385272293,3.0124857330612533
2019-08-06,3.108884541428984,0.534554594085727,0.7618171867717898,3.0322000484211253
2019-08-07,3.1773712191655097,0.5360389350874648,0.7687113111986492,3.053712862726109
2019-08-08,3.3819228812304845,0.5658412104454504,0.8090375879653533,3.1967627018988
2019-08-09,3.4506543036184407,0.5556598271722621,0.7914590210536698,3.182340123819735
2019-08-12,3.330222727567673,0.536834688699884,0.7695738019404106,3.1095700895790825
2019-08-13,3.3799697986445425,0.5605385546769768,0.8047290019280342,3.168367170476948
2019-08-14,3.2196501719461237,0.5145091816585896,0.7499260307827973,3.0256286099678347
2019-08-15,3.221182830204193,0.5184334784912654,0.7487193172786288,3.0312662124303946
2019-08-16,3.296826806387431,0.5409176625921792,0.7776727060356947,3.0987099228720645
2019-08-19,3.3244249206204204,0.5594248548667378,0.8019732859930342,3.0943520215819875
2019-08-20,3.4393475652724854,0.5473340181708914,0.7895638620246872,3.1005430083353502
2019-08-21,3.5876240661448158,0.560008052268697,0.8062818720303533,3.1694739390585553
2019-08-22,3.5611122976149954,0.5594248548667378,0.7993877476034941,3.1738318403486323
2019-08-23,3.452996809757444,0.5191226579591643,0.7463078241060361,3.1201881506588736
2019-08-26,3.5920834961363326,0.5360389350874648,0.7685391998174458,3.156192716079272
2019-08-27,3.664193584749185,0.5301530819170319,0.7619892981529932,3.1318438072839214
2019-08-28,3.5565071563309116,0.5404937343284202,0.7693997567234632,3.073427178085982
2019-08-29,3.5480584542387534,0.5605385546769768,0.7957676070909887,3.160585203887525
2019-08-30,3.4849301802367085,0.5604852676047165,0.7933561139183958,3.1234392833673432
2019-09-03,3.4476817423918575,0.550621830529348,0.773536231379579,3.069345968941307
2019-09-04,3.475926329957666,0.5683865562637471,0.7966300978327503,3.1177670943866076
2019-09-05,3.5667475745620107,0.5889091840269041,0.8283411363605595,3.152630304707226
2019-09-06,3.4420175520091156,0.5899695967648826,0.825927709352223,3.0777159063397086
2019-09-09,3.2392967042746266,0.590712063305042,0.8226537254378685,2.9502645868640407
2019-09-10,3.0444579307033823,0.5906060812391021,0.8223075688397177,2.934354788503441
2019-09-11,3.1113133248715865,0.6021131284544083,0.8417832286161278,2.9679382976515756
2019-09-12,3.176854352423831,0.6072038200910024,0.847470639538819,2.989416525438384
2019-09-13,3.039892611838459,0.6060907123593444,0.8433341648827031,2.924601390378031
2019-09-16,3.0327593723632287,0.6013706619142491,0.8385092447017735,2.9649984436066825
2019-09-17,2.9697175500422506,0.6052422637532453,0.845745658055296,3.019956420987099
2019-09-18,2.933942076348703,0.6064086585571637,0.8438504990263136,3.003043613599419
2019-09-19,2.9278107540942337,0.6061966944252841,0.844712989768075,3.0169128073876808
2019-09-20,2.858859800252646,0.5973409750942145,0.8297199612459316,3.022792515477467
2019-09-23,2.8101031319258274,0.5981894237003136,0.8293738046477808,2.9902466018745897
2019-09-24,2.691986650539143,0.5854668391588933,0.8026617315178481,2.8783592155777677
2019-09-25,2.8470782419605114,0.5944196593771924,0.8216191233149037,2.9008404523916576
2019-09-26,2.8718276479549845,0.5912224350415785,0.8112789035924866,2.906339708781517
2019-09-27,2.8022259219109005,0.5827491984736215,0.791286909672466,2.791304949330751
2019-09-30,2.882710053409412,0.590849425535757,0.8047290019280342,2.836094490367655
2019-10-01,2.8865130621290374,0.5716110162140717,0.7840485624831999,2.812022273717705
2019-10-02,2.827397113109508,0.5434736658249282,0.7557855530866919,2.7612838515546643
2019-10-03,2.9834020069573666,0.5563164423182245,0.7762938811503226,2.87227198837893
2019-10-04,3.003827675539177,0.5775264733135381,0.801110795251273,2.937432988621036
2019-10-07,2.981225838401734,0.5704387006243468,0.7952512729473782,2.9691488257877077
2019-10-08,2.823579172895831,0.5461380194379397,0.7654373272842951,2.845605782865839
2019-10-09,2.87112106303347,0.5607931484666646,0.7833601169583857,2.9116660325805004
2019-10-10,2.946630120527208,0.5718241645031128,0.7945628274225645,2.888700584512157
2019-10-11,2.980357194827631,0.5874917479047819,0.8185172507817531,2.9602600906166776
2019-10-14,3.1025540212813354,0.5864260064595772,0.8166220917527707,2.9756510912046488
2019-10-15,3.176442061457008,0.6020403027889862,0.8393698016077908,2.9941894649465635
2019-10-16,2.978124397418693,0.5991095138146734,0.8342006586644544,2.880641925777332
2019-10-17,3.042177201293862,0.6035862199631135,0.8410928492555698,2.8623802441808186
2019-10-18,2.8519448052547554,0.5966050214184426,0.8260998207334265,2.7381108843772695
2019-10-21,2.90677787350555,0.6080623340329727,0.8424716741409417,2.7684432608169334
2019-10-22,2.7057334983998067,0.6024665993670679,0.8285132477417634,2.6828070418151
2019-10-23,2.6660532189844734,0.6071031667322886,0.8329939451602857,2.6883408847231354
2019-10-24,2.9630002802437247,0.609980668634341,0.8460918146534468,2.831702002559402
2019-10-25,2.9477923281205682,0.6163757093841495,0.8607406204131833,2.8602012935357797
2019-10-28,2.987231879834303,0.6254351037469694,0.8786634100872741,2.8870404316397464
2019-10-29,2.888779906442114,0.6249022330243668,0.8684953017460602,2.8725832670425073
2019-10-30,2.9413234818016996,0.6300183840399296,0.8753894261729196,2.9607097153529556
2019-10-31,2.861355530944682,0.6252219554579284,0.8721135084228215,2.9002178950645043
2019-11-01,2.8881285232197023,0.6411026871486383,0.8929679930846033,2.9480856362190018
2019-11-04,2.8046567836762772,0.6472845796094058,0.9039966583318344,2.9331788468854842
2019-11-05,2.6902789382062524,0.6453129579357773,0.9039966583318344,2.925811918514163
2019-11-06,2.6839672743522733,0.6460589769474203,0.8991717381509048,2.9183758171064924
2019-11-07,2.69084485259231,0.6519211469746262,0.9046870376923923,2.907446477363124
2019-11-08,2.7481815447459246,0.6555979549605824,0.9134763211482342,2.96313077162522
2019-11-11,2.81978119524799,0.6528803142753106,0.9114071169023044,3.0042887282537265
2019-11-12,2.793267280847753,0.6557045291051027,0.916578193681385,3.022515823332065
2019-11-13,2.864971701026781,0.6566110014121074,0.9153714801772166,3.0521564694082244
2019-11-14,2.897236807506633,0.6589556325915575,0.9150272574148095,3.055926399889324
2019-11-15,2.9349043893596085,0.6712655383622512,0.9288135724327846,3.1279009442119463
2019-11-18,3.00853958182973,0.6720121494524753,0.930708731461767,3.1366167467921002
2019-11-19,2.9833674792977836,0.6716385478680731,0.9350173174990861,3.179642375402069
2019-11-20,3.019207004022382,0.6654572474858862,0.9257116998996338,3.2163040846677964
2019-11-21,3.020490711624701,0.6630587371555952,0.9212310024811112,3.20637775395151
2019-11-22,3.007818394797586,0.6666295630756116,0.9245049863954653,3.2211116106941518
2019-11-25,3.0580923275093657,0.6792059042076066,0.9496661232588226,3.2781793656832567
2019-11-26,3.208466392991485,0.6825635818385816,0.9536304865337348,3.30526060941445
2019-11-27,3.2653623678830526,0.6906638089007171,0.9663841332644887,3.330508767682357
2019-11-29,3.2178854934988657,0.684322055223169,0.9574227384274434,3.31957942793899
2019-12-02,3.136805896452781,0.6701997969170466,0.9351894288802896,3.198976239062014
2019-12-03,3.2729758586449327,0.6586891972302562,0.9239886522518548,3.231833431328468
2019-12-04,3.44629333824268,0.6689741942550613,0.9346730947366793,3.2047176010791
2019-12-05,3.3752053128184354,0.6724917331028175,0.9360519196220509,3.174143119012209
2019-12-06,3.3954451772419105,0.6874132974928433,0.9556977569439205,3.1772904921661533
2019-12-09,3.425839124423037,0.682403720621801,0.9474267414674331,3.169923563794833
2019-12-10,3.3939604930319183,0.6806452472372133,0.9469084734880788,3.127278386884792
2019-12-11,3.4344382693995197,0.684908213018032,0.9553535341815136,3.0925881091550513
2019-12-12,3.422836242854445,0.6998297774080575,0.9700023399412498,3.0569639954345798
2019-12-13,3.513175863357965,0.70041593520292,0.9741388145973657,3.1093279839518564
2019-12-16,3.6177632747379533,0.7126399895794169,0.9922337156526599,3.144294953826998
2019-12-17,3.5549731923283714,0.7128004428747783,0.9939586971361825,3.125134022757929
2019-12-18,3.6233468289902913,0.7129076090978794,0.9951634768046071,3.153529554179781
2019-12-19,3.594848391511147,0.7202558963625654,1.0082613462977683,3.1835160654376926
2019-12-20,3.5584258069788532,0.7290518157569872,1.0165342956099992,3.2013281222979284
2019-12-23,3.551473498966846,0.7302851154405212,1.0210149930285222,3.2002905267526724
2019-12-24,3.648199317750465,0.7305000399653041,1.022738040676301,3.2009476705980004
2019-12-26,3.7368495108060333,0.7394564126550875,1.0380772257965951,3.222737177048387
2019-12-27,3.7226910530603696,0.7391349139857839,1.1060225446571015,3.199079998616539
2019-12-30,3.5841300195673105,0.7297486922464349,1.092425745542025,3.144813751599627
2019-12-31,3.590996826985309,0.7336641079004005,1.0983877611403443,3.1690589008404526
2020-01-02,3.7229409277788186,0.7501836923796525,1.1266991164304487,3.259606405423166
2020-01-03,3.6685322369465148,0.7367216016909763,1.1097490461355193,3.254349254660533
2020-01-06,3.750983691093203,0.743586752833836,1.120551452600719,3.334797495936084
2020-01-07,3.794897162428205,0.7388128232379001,1.1203658043693085,3.33967419499879
2020-01-08,3.8780395727997874,0.747662621783163,1.1354516570071573,3.393802095943002
2020-01-09,3.9922431020979703,0.7594621558173198,1.1522160790706755,3.442672846124581
2020-01-10,4.01012547040917,0.7545816520768636,1.1462559973081006,3.42887282537267
2020-01-13,4.130932532070948,0.766863730154266,1.1686072708356297,3.492961643551344
2020-01-14,4.10419967742044,0.7641283271115744,1.1637630122972613,3.4798187666447618
2020-01-15,4.194300671526587,0.7680970298378,1.1648807693572123,3.5146473904472035
2020-01-16,4.208449739427409,0.7827930122885911,1.187046394653331,3.560889565247467
2020-01-17,4.243644378260884,0.7886924832663791,1.1943098817072677,3.5470549579773802
2020-01-21,4.309218744974401,0.7848309467632544,1.1900264355346186,3.548507591740739
2020-01-22,4.2950107230080246,0.7852063245833987,1.1935653549458816,3.5449451803686918
2020-01-23,4.351957477072346,0.7874053044320042,1.1989665581784812,3.563206861965206
2020-01-24,4.331854303032896,0.7711545236283759,1.1775473934794927,3.546190295023
2020-01-27,4.212702155907897,0.7424067402225625,1.1360105355371326,3.475184173209283
2020-01-28,4.415464896813897,0.760963667097897,1.1671162834771138,3.5578805381662226
2020-01-29,4.465511562431927,0.7597303674143634,1.1671162834771138,3.5718534915090094
2020-01-30,4.512036884634719,0.7650401281258048,1.176615284650952,3.6301663611524226
2020-01-31,4.384011823454727,0.7336641079004005,1.1388049281870098,3.5604399405111886
2020-02-03,4.502297493361126,0.746107231351745,1.166743053178549,3.63611524227856
2020-02-04,4.683564320429683,0.7731924581030394,1.2136811143535091,3.7610417459274377
2020-02-05,4.521892943097554,0.7929299896682287,1.2233657637587578,3.64407014145886
2020-02-06,4.506362417629171,0.7997951408110886,1.2382679020009397,3.6625739286825993
2020-02-07,4.57675203532311,0.7900335412515949,1.2261601564086346,3.6821153114515965
2020-02-10,4.71921829072631,0.8032812994940688,1.2514914708174514,3.7357244146231796
2020-02-11,4.708745477532155,0.8066064128031072,1.2540982814001747,3.7279424480337564
2020-02-12,5.095956190791229,0.8181916143910621,1.2745872711063666,3.7595199391277276
2020-02-13,5.134803845325235,0.8159387553916153,1.2714215819936685,3.7862899041953444
2020-02-14,5.138289797426349,0.8185669922112064,1.275890676397728,3.8342614049043684
2020-02-18,5.189500664227472,0.8142223195862555,1.2760782584648824,3.8661155881437415
2020-02-19,5.297088245152577,0.8229110727575766,1.2965653143353308,3.92287206446927
2020-02-20,5.2396738727494405,0.8154562113483699,1.2809205831675068,3.8728945457060844
2020-02-21,5.065837447567369,0.7967915261713532,1.239942603755122,3.768547020371459
2020-02-24,4.723926875482372,0.7368287679140775,1.1566851734747354,3.6419603638501714
2020-02-25,4.421345824718175,0.6847501280369932,1.0968967737818285,3.5203887524642896
2020-02-26,4.460166289157233,0.6782603547142776,1.100250044961681,3.5155812264379342
2020-02-27,4.216594456799929,0.6021001027256336,1.0030225852676522,3.392764500397745
2020-02-28,4.528635211462748,0.5870826216055396,1.003395815566217,3.4521149655864143
2020-03-02,4.709693490472162,0.6647982640256016,1.093543502601976,3.519835368173486
2020-03-03,4.5666756561894575,0.617063704694887,1.0307750620277814,3.389305848580223
2020-03-04,4.9299047352776215,0.6881291204968722,1.1090045193741331,3.5274444021720335
2020-03-05,4.761041585033894,0.6291853294769283,1.0439986308442935,3.4560578286583894
2020-03-06,4.469969840354911,0.6020462235747928,1.0058169779175294,3.278248538719607
2020-03-09,3.8466674250177215,0.4738612108599054,0.8596035249957938,2.923875073496351
2020-03-10,4.196591637014311,0.5529711983374435,0.9518010779200436,3.0455850309549337
2020-03-11,3.8546672392735264,0.47745453576598695,0.8597891732272045,2.8182478469892436
2020-03-12,3.279223039669099,0.33527100916833685,0.6847074203211327,2.485006744371044
2020-03-13,3.495271869338497,0.4564304174450031,0.842467806469454,2.670494241344724
2020-03-16,2.6091491149273454,0.28785854058550653,0.6156056676857979,2.1914017915816415
2020-03-17,2.9749147217228273,0.36975781025657706,0.7165576950224999,2.4331615536263964
2020-03-18,2.756838664652673,0.2934903920448322,0.6357214270934255,2.2828485456369108
2020-03-19,2.731913343430367,0.2982637295621875,0.6733461353259576,2.4937571334693738
2020-03-20,2.8000255076228258,0.23980248258548875,0.6094580038560684,2.5013661674679213
2020-03-23,3.1414343750075204,0.20488701660484376,0.60536020591483,2.5754850759174075
2020-03-24,3.7638571493775714,0.3187520167676654,0.7361145759001522,2.8319786947048042
2020-03-25,3.9359880089070858,0.3355978365448662,0.7281046282490857,2.8087365544910594
2020-03-26,3.9689316285244365,0.4160133572927798,0.8249588576445492,3.015875211842424
2020-03-27,3.6869814725586902,0.3721355978365448,0.7556714567778042,2.9121156573167775
2020-03-30,3.817487097294155,0.4159594781419389,0.819745236479104,2.9782796665859648
2020-03-31,3.6786003982551163,0.39458721761552185,0.8024219358856095,2.8774253795870366
2020-04-01,3.3015252167151825,0.3319820126527191,0.7228890732478965,2.690104797150071
2020-04-02,2.927643363875354,0.3632307359832796,0.7530646461950812,2.638363365959949
2020-04-03,3.0151978495583673,0.34396331481114184,0.7262423444277488,2.5991768408674303
2020-04-06,3.428718715884747,0.4345252861959841,0.7262423444277488,2.843392245702625
2020-04-07,3.28318378226791,0.4351185489338145,0.8469388347092575,2.771106422716425
2020-04-08,3.700382081516662,0.48417758804948585,0.8946194888098593,2.972019506796251
2020-04-09,3.7539829536607634,0.5064130991465186,0.9095216270520414,3.013454155570159
2020-04-13,4.06985494899568,0.4919492114993502,0.9186473979273149,3.0652993463148066
2020-04-14,4.605477791610131,0.537230197191771,0.9944556929223543,3.2353266696641647
2020-04-15,4.642758101492508,0.5034450092216238,0.965771107333685,3.2457372116349044
2020-04-16,4.944958219011327,0.5114327413534323,0.9983659087964385,3.2857883996818043
2020-04-17,5.666968796486411,0.5520718309734067,1.0261183855565674,3.403036696295784
2020-04-20,6.174394809533407,0.5244395236135742,1.0050705173203998,3.4576142219762733
2020-04-21,5.590382658400417,0.47802470743917125,0.935224237923679,3.2573928682599522
2020-04-22,6.104585116892915,0.5114866205042732,0.9897990164511405,3.392141943070591
2020-04-23,6.014584074473912,0.5110544031403847,0.9894257861525757,3.392626154325044
2020-04-24,6.278698917805697,0.5322111470634383,1.0222081696824836,3.463390170511535
2020-04-27,6.065893658465523,0.5553643799605084,1.0447450914414231,3.5641406979559376
2020-04-28,6.102400630355767,0.5469989016942327,1.0160605058527539,3.4649811503475947
2020-04-29,6.152982658061599,0.5874224747108436,1.088142299369376,3.617818974163871
2020-04-30,6.062576858770694,0.5713931312963858,1.0821822176068006,3.605575346729845
2020-05-01,5.853359499320943,0.5302140660108408,1.0155016273227782,3.468785667346868
2020-05-04,6.405937896212744,0.536150837939211,1.0402740632016196,3.5673572441462316
2020-05-05,6.733144330218258,0.5496970037863427,1.063184215259124,3.69155743091343
2020-05-06,7.337954007538766,0.5394966739985732,1.0739866217243237,3.821498979697714
2020-05-07,7.217784242630609,0.557738615068992,1.1036013823057895,4.135855843392246
2020-05-08,7.064023283424156,0.5838060587401159,1.137501522895648,4.155397226161242
2020-05-11,7.555671983756076,0.583752179589275,1.1540783628920126,4.268045515857919
2020-05-12,7.50610947449988,0.5514779761569955,1.109375815836954,4.212568740704873
2020-05-13,7.686204744994724,0.5248711488988818,1.0765953661427905,4.144744578563276
2020-05-14,7.722205519872885,0.5431130899693006,1.0957790167218775,4.203334140352091
2020-05-15,7.887003503308518,0.549805354166605,1.1125434387853965,4.332895237436448
2020-05-18,7.4191227367370605,0.5977305628002947,1.164509472894391,4.292844049389548
2020-05-19,7.626707169747554,0.581269594100529,1.1527749576006512,4.35174488984194
2020-05-20,7.936538822780205,0.6082547595716903,1.1982220314170955,4.468128523501539
2020-05-21,8.240442729521984,0.5964895660952121,1.176800932882363,4.464324006502266
2020-05-22,8.510463871727213,0.5997276438528922,1.1861142858247904,4.576903123162592
2020-05-26,7.771458658882452,0.6200205451267491,1.1900264355346186,4.493964652578425
2020-05-27,7.531052469507657,0.6436592824599681,1.2069765058295476,4.437346522325598
2020-05-28,7.439857369241597,0.6404212047022879,1.19691669228999,4.485594715180023
2020-05-29,7.589166589325284,0.6470595897487512,1.2252280475800945,4.7466191678483725
2020-06-01,7.581597517353595,0.6551550801822417,1.2397569555237116,4.93335177947636
2020-06-02,7.883320874329449,0.6689173547113172,1.2529805243402237,4.924428457787155
2020-06-03,7.686976398172323,0.6913689744902942,1.2706751213965388,4.951959326254626
2020-06-04,7.332751890630501,0.6857015983161283,1.2550303902287148,4.715180022827102
2020-06-05,7.248272817441954,0.729633829001785,1.3015952211051096,4.687718327395981
2020-06-08,7.284926421178325,0.7507899808462577,1.327671062275312,4.784768097395635
2020-06-09,7.39988198504475,0.7378909568877983,1.3341900225678631,4.726628160343099
2020-06-10,7.448297209666373,0.7276367479491879,1.3496491055042763,4.849825338083215
2020-06-11,7.215345105220598,0.6276838181963509,1.2259745081772242,4.576418911908138
2020-06-12,7.419020668341252,0.6480305986210491,1.2486970781675746,4.666378445681873
2020-06-15,8.17521822475008,0.6631558380428251,1.2809205831675068,4.852142634800955
2020-06-16,8.208786086281254,0.6951298576347051,1.320778871684197,4.978106733995089
2020-06-17,8.35412802473421,0.6874884914725881,1.3241321428640496,5.0292256078580575
2020-06-18,8.879773672543537,0.6887892881143185,1.3317688602165507,5.159513021824093
2020-06-19,9.094296777505944,0.6784924495178999,1.3325133869779369,5.136997198492028
2020-06-22,9.435328011309702,0.6905234862770988,1.3585892281481393,5.354961436032235
2020-06-23,9.497861267058136,0.6974058076987977,1.3764714072716089,5.34126517483485
2020-06-24,9.353784740463965,0.6545387263797653,1.3245053731626144,5.216373257704147
2020-06-25,9.59943010689949,0.6718807080075666,1.3498347537356872,5.374606578355757
2020-06-26,9.556514118022664,0.631994150263623,1.2889285969828292,5.337668176944628
2020-06-29,9.678444559705172,0.6564896253030703,1.3166810737429584,5.210389790059835
2020-06-30,9.98913813475265,0.678329627908216,1.360451511969476,5.357935876595303
2020-07-01,10.915112219472658,0.6898189127661023,1.38317601579557,5.561754228201847
2020-07-02,11.041878300544662,0.6987066043405279,1.3960282881492612,5.5728565005360915
2020-07-06,10.543585858134774,0.724774048011652,1.449112079318207,5.600145263376336
2020-07-07,10.969977461747032,0.7069986648628006,1.4284374413806038,5.615640023518832
2020-07-08,11.079589007274752,0.719733683054415,1.4632677569632588,5.855877978763878
2020-07-09,11.309647556822604,0.7110088130896732,1.4763056775483605,5.948915712655207
2020-07-10,11.23879585217569,0.7282424443372122,1.4928825175447247,5.822259883097568
2020-07-13,10.370425564745348,0.7129052407835568,1.4396130781443683,5.381420122436274
2020-07-14,10.48218226319467,0.7351247657589117,1.4627088784332836,5.408397606612942
2020-07-15,10.247127644463186,0.7513287723546669,1.477235852541157,5.4095735482309
2020-07-16,9.837990667852647,0.7452593748242264,1.4591699590220206,5.288382388544946
2020-07-17,9.849776698823243,0.7504074980831454,1.466060215777392,5.380417113409193
2020-07-20,10.894242515662592,0.7648773065161207,1.528084129590201,5.722754470307474
2020-07-21,10.212903120510136,0.7680751229303151,1.507782721951163,5.625739286825995
2020-07-22,10.274015750632449,0.7784803119069963,1.5139284519451488,5.62411372047176
2020-07-23,9.846709454369162,0.7569653604426378,1.4563755663721434,5.464324006502266
2020-07-24,9.886251599217678,0.745747247574698,1.4332797660832282,5.36302009476706
2020-07-27,10.474731388599986,0.7585912082251556,1.473884515197048,5.504375194549165
2020-07-28,10.565015183434891,0.7477520256488444,1.4424055369585016,5.462075882820877
2020-07-29,11.392430644126886,0.7687796964413116,1.4755592169512304,5.695361947912703
2020-07-30,11.349560249384844,0.7627097068322908,1.4863635572521736,5.758689862691523
2020-07-31,11.052386022221482,0.7765832921345319,1.5232418048875762,5.831702002559402
2020-08-03,11.802828749210763,0.7889938512639398,1.5603076345901328,6.040224120637776
2020-08-04,11.814720047565388,0.7954427711645891,1.5694334054654062,6.045342925327708
2020-08-05,12.093442214044035,0.8070942855535788,1.5828445563490727,6.063708366478746
2020-08-06,12.126299063271126,0.8193420230733024,1.6089203975192752,5.883962231522152
2020-08-07,11.679658789456333,0.8206428197150326,1.58657105782749,5.556566250475565
2020-08-10,11.05654916433545,0.8261165861933193,1.576698826355087,5.374883270501159
2020-08-11,10.648599648841634,0.8108338538690856,1.5331140363599798,5.276588385847197
2020-08-12,10.881083035254239,0.8360883736489506,1.5871280025217214,5.346833604261059
2020-08-13,11.035287786439486,0.8329450284641775,1.5942058413442477,5.515892505101512
2020-08-14,10.888920335248686,0.8327822068544937,1.5889922201788025,5.460934527721094
2020-08-17,11.309689645661827,0.8386893748538307,1.615068061349005,5.597758793622246
2020-08-18,11.417718832441212,0.8425911727004407,1.634251711928092,5.67716943935254
2020-08-19,11.232389228727618,0.8351126281480077,1.6197247378202193,5.66509874450939
2020-08-20,11.686837477496711,0.8407486241573983,1.6476628628117584,5.8738975547331655
2020-08-21,11.482861268349673,0.8471981361366281,1.658838499575523,5.773700411579567
2020-08-24,11.173709656760373,0.8661659655469474,1.6748564610419119,5.729602600906167
2020-08-25,11.62106027723912,0.8723437134576502,1.6951578686809499,5.8359215577767785
2020-08-26,12.157716547039229,0.8913660140973911,1.7419102816244991,6.1463009718811605
2020-08-27,11.750818194262319,0.8954845127045259,1.7325969286820713,6.155155120534016
2020-08-28,11.613938235901529,0.9076238998439872,1.7491737686784359,6.2286860581745245
2020-08-31,11.970937100243454,0.9009582791828132,1.7681717710261124,6.29796285407948
2020-09-01,12.865379565501843,0.9187881335610861,1.8067266542514409,6.678483727043198
2020-09-02,12.097086893649413,0.9468603553063564,1.8342934827801596,6.622073115899423
2020-09-03,11.327338768355851,0.8795516780987174,1.6938544633895884,5.993774426728461
2020-09-04,10.79164272444825,0.8641605953942206,1.6595830263369087,5.720229654480684
2020-09-08,10.060488444818063,0.8134893263033869,1.5500641066549088,5.547677515304534
2020-09-09,10.473544370042871,0.8489862134502493,1.6191658592902431,5.698163455884896
2020-09-10,10.241794815630552,0.8166865506390006,1.5670122431140943,5.629716736416145
2020-09-11,9.981204121612851,0.8175539457596812,1.5513675119462702,5.494552623387404
2020-09-14,10.268331532773674,0.841724369658341,1.5994213963454373,5.611800920001384
2020-09-15,10.415306794365204,0.8510999339832381,1.6309003745839838,5.6692145401722405
2020-09-16,9.852794062298992,0.8437297398110677,1.5979323428226655,5.607477605229482
2020-09-17,9.592456157264115,0.8279046635069405,1.5649643110613467,5.520596271573341
2020-09-18,9.877201900874852,0.8064980624228446,1.5373974825326284,5.576453498426313
2020-09-21,10.291765492094255,0.786392257980479,1.5342317934199303,5.771452287898177
2020-09-22,10.63986194005577,0.8044932843486987,1.5776290013478835,5.898419396119393
2020-09-23,10.164921835243364,0.7624971506218305,1.4997727743000961,5.733061252723688
2020-09-24,10.108083784613667,0.7671242447297604,1.5092737093096789,5.659703247674057
2020-09-25,10.75336780693462,0.7958690677426705,1.5658944860541433,5.881610348286238
2020-09-28,10.855817254614427,0.8257021311868509,1.613950304289054,5.974890187804794
2020-09-29,11.571658942081763,0.8156302824510868,1.6064992351679628,5.980251098121952
2020-09-30,11.516942708496455,0.829512748932038,1.6258704678142046,5.97340296752326
2020-10-01,11.956748049405274,0.8413803720029722,1.6636808242781473,6.123577629440044
2020-10-02,11.651827486860768,0.8240141151533631,1.6044513031152157,6.029848165185211
2020-10-05,12.240263387782212,0.8558614299289802,1.6651718116366632,6.154186698025109
2020-10-06,11.874362763046342,0.829512748932038,1.6234493054628927,6.196278490644347
2020-10-07,12.297485780903582,0.8613055924782336,1.6728085289891643,6.4087088852765195
2020-10-08,12.27969228381437,0.8780732578827861,1.6862177460370873,6.402967523259433
2020-10-09,12.611231930134258,0.8945685671402308,1.7236568060382083,6.619790405699859
2020-10-12,12.476918045703597,0.9254904630942618,1.7933174372035188,6.728115380624632
2020-10-13,12.635138757682325,0.912969185270269,1.7905230445536415,6.841144122021237
2020-10-14,12.32832483940215,0.900992619740492,1.767986122794702,6.743160516030852
2020-10-15,12.354362575276783,0.8986515410325258,1.7551338504410112,6.681561927160792
2020-10-16,12.199273545973766,0.8969641170776186,1.7450759707371977,6.6882717116867845
2020-10-19,12.264823849910591,0.8684916502118161,1.6996288969207534,6.639885172759659
2020-10-20,12.127725803816878,0.875841121633663,1.7085690195646164,6.551136167122056
2020-10-21,11.559962282498761,0.8721939175767408,1.7011198842792687,6.389755473316501
2020-10-22,11.393537353743774,0.8828637656789808,1.706147857213304,6.3472832289973375
2020-10-23,11.60949435068836,0.8888526405224502,1.7162057369171175,6.422993117282884
2020-10-26,11.677774421471037,0.8541740059740728,1.6715031898620594,6.267492131567115
2020-10-27,12.19030617167068,0.847858895832655,1.6886389083883988,6.339777954553315
2020-10-28,11.579492004930271,0.7849807426441635,1.588060111350262,6.100577594853525
2020-10-29,11.122684973193458,0.8027827693291454,1.6309003745839838,6.085843738110885
2020-10-30,10.293828703809256,0.7835650827577838,1.5662677163527081,5.857780237263515
2020-11-02,10.168693952594241,0.8039260730684177,1.5768844745864974,5.7792342544876005
2020-11-03,10.463836378912793,0.8361546864499856,1.6247527107542536,5.933835990730813
2020-11-04,11.210228402857785,0.8767120692258277,1.7260779683895207,6.361844153149104
2020-11-05,11.731031390714511,0.9134049551056416,1.7970420048461921,6.607650537820358
2020-11-06,12.350398272869272,0.9132415414173767,1.797227653077603,6.615259571818906
2020-11-09,10.523387607963732,0.9371407933260905,1.755878377202397,6.200843911043475
2020-11-10,10.02532509292074,0.9346363009298595,1.71862689926843,6.023691764950023
2020-11-11,10.898621628958546,0.9485732386402321,1.773387326027302,6.217895064503856
2020-11-12,10.591804786330934,0.9300092068219292,1.7551338504410112,6.265520700031128
2020-11-13,10.497104422408572,0.956248945360028,1.7834452057311152,6.222252965793934
2020-11-16,10.437615730327977,0.9805294958746924,1.8057964792586443,6.198319095216685
2020-11-17,10.57457654365501,0.9704582392175087,1.7998363974960694,6.321723792065852
2020-11-18,10.729011923859645,0.9467224009970603,1.7774851239685403,6.284889150209249
2020-11-19,11.228701228070266,0.9546159926345423,1.801884329548817,6.46415107391139
2020-11-20,11.564389914452045,0.941496123365493,1.7901498142550767,6.537854944142773
2020-11-23,11.738663729819404,0.9531458615187407,1.7961098960176516,6.569086570054992
2020-11-24,11.520034759377738,0.9843945848493012,1.8326168471902329,6.520700031127866
2020-11-25,12.208346133808227,0.9815638571551215,1.8456547677753345,6.764569570781309
2020-11-27,12.319183500964359,0.9869535484749534,1.871732542781281,6.921142738560508
2020-11-30,12.8718596341286,0.9779160610196187,1.8700559071913547,6.999342856154671
2020-12-01,12.443450266125305,0.9996921191380519,1.9073073851253222,6.909902120153563
2020-12-02,12.547067923264285,1.0039385067186117,1.9056307495353955,6.8328433576591845
2020-12-03,12.445464165624584,1.003557800191241,1.911964061596536,6.997094732473282
2020-12-04,12.37595056841241,1.0207606433525855,1.9320798210041632,7.086777574101616
2020-12-07,12.760160925100811,1.0170044968368201,1.9447445112907,7.153667900252481
2020-12-08,12.950559588834222,1.0226114809957578,1.9598322977642924,7.271365821602739
2020-12-09,12.180362696114232,1.0049183967696194,1.9026507086541078,7.011551897070522
2020-12-10,12.678724443550852,1.0038295642597683,1.9182954398219327,7.262027461695432
2020-12-11,12.423052247697164,1.0013256639421186,1.911964061596536,7.29073427178086
2020-12-14,12.400115352154955,0.9922496913790397,1.9272374963015388,7.407083318922284
2020-12-15,12.642343454697375,1.019371034923755,1.9637425136383766,7.429357036627122
2020-12-16,13.547637907177506,1.0225972711098215,1.9778981912834288,7.5775948535260955
2020-12-17,13.795240149285666,1.0338609740284732,2.0028582092294243,7.8089094870819356
2020-12-18,13.80778315195534,1.0258235072958883,2.0013672218709084,7.961885656970914
2020-12-21,14.023305837148657,1.0191525579274883,1.9982015327582103,8.041330889219383
2020-12-22,14.954868206400414,1.0152702986740398,2.013660615694624,8.346868190779235
2020-12-23,13.907289079199778,1.0170198908799173,2.0049061412821714,8.173866426866807
2020-12-24,14.135874340559676,1.0248388806162354,2.013287385396059,8.159028810569641
2020-12-28,13.292544982416132,1.0424455213695962,2.0360118892221535,7.913084079825683
2020-12-29,13.356224311699682,1.0385087908867265,2.024497831203213,7.779441773596652
2020-12-30,13.436148897293707,1.0411879464642548,2.0291854490463286,7.8151696468716505
2020-12-31,13.037813956163445,1.0526162472283325,2.033687418658034,7.753432711928891
2021-01-04,12.77923489465466,1.0243468633156994,1.9892478732641403,7.603638501712034
2021-01-05,13.225375384288663,1.0377432332819212,2.017748744457143,7.676754401134438
2021-01-06,12.890928952454109,1.0500460341096471,1.999185855151835,7.412098364057691
2021-01-07,13.810830286749471,1.0803936138404286,2.0760635613132292,7.745443226230416
2021-01-08,14.162763469634752,1.0922588685970402,2.1079389758792666,7.943623975374399
2021-01-11,13.758863130158137,1.078588958326549,2.068749794529952,7.872133642306229
2021-01-12,13.92208455681851,1.0789169698602397,2.0771890537161557,7.926503648877668
2021-01-13,14.06805875896996,1.0841663385564533,2.0903139969097304,7.907896102099402
2021-01-14,13.982388165317083,1.0769489006580955,2.0860015432009233,7.920969805969634
2021-01-15,13.824821236953275,1.0619663521742604,2.0591869767765663,7.821222287552313
2021-01-19,13.859606390551964,1.078096941026013,2.106065089043467,7.999827067409123
2021-01-20,14.107690918148563,1.1066943364723367,2.167566867205433,8.146612250544738
2021-01-21,13.88317022367425,1.108553463215638,2.1848186158764045,8.11704077750493
2021-01-22,13.961418954019393,1.1013904965467018,2.1878179951151306,8.181337114792653
2021-01-25,13.896813208996583,1.1097565668915577,2.209755427793474,8.076021166949124
2021-01-26,13.277846117953986,1.106639865242915,2.207318794756211,7.856189257427456
2021-01-27,12.546700152762364,1.0552409315764386,2.1235024859458482,7.666240099609173
2021-01-28,13.033200585102476,1.0726290953335327,2.1388784139452763,7.898592328710269
2021-01-29,11.793534997648282,1.0314553587552142,2.076251143380383,7.796527513575208
2021-02-01,12.29026775021526,1.0647005710597912,2.1542543419447036,7.984747345484731
2021-02-02,13.266497711870178,1.0940084608029177,2.203569087248867,8.286998927817937
2021-02-03,13.065959849181544,1.0956491105499522,2.2030063410474043,8.2206273994397
2021-02-04,13.539288099018991,1.1193802121417553,2.2427582685981817,8.419430705910836
2021-02-05,13.807447114002176,1.1276912191786095,2.2618839041049528,8.598139245322175
2021-02-08,14.722997702605385,1.143712273492938,2.2928214083352185,8.668695742399613
2021-02-09,15.48823687764218,1.1419082100576388,2.297133862044025,8.777539515097015
2021-02-10,15.66558555115527,1.1410331179154096,2.2885089546264115,8.789333517794763
2021-02-11,15.81834815116412,1.1446418368645888,2.3020090619542954,8.826617784387645
2021-02-12,15.90677235318477,1.1553590512532823,2.318510482356649,8.889426901393836
2021-02-16,16.122468626660233,1.1536639302768266,2.3070718439317197,8.764223705599559
2021-02-17,15.604537832204244,1.1539374705810954,2.2886965366935663,8.649016013557915
2021-02-18,15.261208707729168,1.1448058426314343,2.265258447477988,8.668488223290561
2021-02-19,15.821596323832793,1.1407595776111403,2.2673218502166863,8.778265831978695
2021-02-22,15.168790651151305,1.1244649829925426,2.1866925027122046,8.258845502023313
2021-02-23,14.215882349799742,1.126707184577537,2.170941410578468,8.077577560267008
2021-02-24,13.783504261215068,1.1500552113276474,2.2024435948459407,8.171618303185419
2021-02-25,13.099823771759297,1.098492271894326,2.0899388327754216,7.6886521633867115
2021-02-26,13.583070221896076,1.0875015172013631,2.1071886476106494,7.7166672431086365
2021-03-01,14.024569407805712,1.1381348932630337,2.200567774174397,8.054093314426037
2021-03-02,14.228125489734214,1.121676292877591,2.1463778289599635,7.7885726143949086
2021-03-03,13.041539707672872,1.0933524377355366,2.0614379615824188,7.304015494760144
2021-03-04,12.12521899709928,1.0674341978667408,1.9971224524131372,6.974751841732092
2021-03-05,11.954631184606226,1.1055462961044187,2.0436234667099846,6.939888631411476
2021-03-08,11.128287026602928,1.095266035708259,1.9703098198245237,6.58067305364369
2021-03-09,12.10598891892254,1.1247929945262332,2.0800008508877275,7.100058797080898
2021-03-10,11.764513029210692,1.1378068817293432,2.078875358484801,7.012416560024903
2021-03-11,12.54008016780811,1.1597883911152689,2.156690974981967,7.412790094421194
2021-03-12,12.576550524000016,1.1631780409896,2.138503249810967,7.288935772835748
2021-03-15,12.975459723288605,1.1763014627301334,2.171316574712777,7.387369003562412
2021-03-16,12.599847119773013,1.1732392323109124,2.1743178877872467,7.274340262165808
2021-03-17,12.876126481551283,1.1803477277504273,2.187067666846513,7.287310206481514
2021-03-18,11.904522790887535,1.1485240961180367,2.090501578976885,6.859751668799501
2021-03-19,11.923826389334069,1.144532302327165,2.1141272502596173,6.9929097637740805
2021-03-22,12.07920416683735,1.1614835120917246,2.1525661033403143,7.148843772697404
2021-03-23,12.12637496488708,1.1446418368645888,2.117314211565498,7.112763462802201
2021-03-24,11.486769648516336,1.133651082171626,2.054499358933451,6.727636357347905
2021-03-25,10.973508120930486,1.1458372435189599,2.0582490664407946,6.7189738180057414
2021-03-26,11.11470938278812,1.180566204746694,2.0963146892229263,6.79185141631792
2021-03-29,10.795418248899121,1.1794684910581332,2.0777498660818745,6.57669940857054
2021-03-30,10.981204342254705,1.1740918254670762,2.074562904775994,6.598148929547263
2021-03-31,11.774194778388134,1.1825958501212277,2.1220018294086134,6.876135302459101
2021-04-01,12.196841664916015,1.205968152093146,2.1771296849588184,7.112875868986269
2021-04-05,12.133282747246728,1.2376242254872065,2.2307568839717886,7.105074533946668
2021-04-06,12.354155113759317,1.2362529714943764,2.2292562274345538,7.222308304223013
2021-04-07,12.620349924344792,1.239051134866619,2.2270071764644452,7.127428838238854
2021-04-08,13.42495793556022,1.2494752703578818,2.260383247567718,7.329844706533393
2021-04-09,13.532449329378583,1.26576986497648,2.277259832104381,7.308235049977519
2021-04-12,13.486849122542264,1.2667023887410336,2.265446029545142,7.326801092933973
2021-04-13,13.70183824841153,1.2733407737874969,2.299947593051341,7.566001452633763
2021-04-14,12.82822473336175,1.26576986497648,2.2673218502166863,7.45102652785944
2021-04-15,13.186953892356225,1.2901291619423731,2.3100731570061903,7.6225054473766125
2021-04-16,13.018082195336163,1.298194456368249,2.3132601183120705,7.520648843080968
2021-04-19,12.304037659947419,1.2869473316498565,2.2808219575445703,7.328905682564937
2021-04-20,12.174617661141605,1.2703235413404066,2.2506328477471778,7.172337702763462
2021-04-21,12.261467011343985,1.2915554792432054,2.289259282895029,7.284825511015805
2021-04-22,11.841582125542201,1.2712010017969582,2.2581322627618654,7.352440078857262
2021-04-23,11.830319416301668,1.295012033997152,2.3050103750287656,7.500274271089129
2021-04-26,12.546804853469073,1.300169038434781,2.333698828288923,7.7846141873897565
2021-04-27,12.45696118276747,1.2994561758236554,2.3222601898639934,7.7245453602185865
2021-04-28,13.63022370762128,1.2985781232885225,2.312697372110607,7.737827274928232
2021-04-29,13.0530250908633,1.3131172049154363,2.3203863030281933,7.514429149517518
2021-04-30,12.620375155716424,1.298139393060247,2.2922586621337557,7.514429149517518
2021-05-03,12.097517793763192,1.3030773284230284,2.2763219217686084,7.189335938851036
2021-05-04,12.090921548056306,1.2890865115618144,2.21444304563659,6.899472209732647
2021-05-05,11.942196458674477,1.2894157072526666,2.2024435948459407,6.799112164078442
2021-05-06,11.54370931382799,1.308014671707229,2.2146306277037437,6.5797841801265875
2021-05-07,11.898338985253245,1.3247485886326835,2.243506663031055,6.692484349600527
2021-05-10,11.342913974012824,1.3021442125798934,2.1608158466236196,6.5013530245910145
2021-05-11,11.674114188905632,1.2816251372882208,2.157816467384893,6.670947324732818
2021-05-12,11.235121914885271,1.2328514800484318,2.0736249944402223,6.395116729498841
2021-05-13,10.740235159181939,1.2593505490048638,2.095939525088618,6.290797565109121
2021-05-14,11.177949999199264,1.2942441080780243,2.1681296134068964,6.554417390101339
2021-05-17,11.172631448714055,1.288757907949543,2.1561282287805037,6.494351329851624
2021-05-18,11.477588618320002,1.2690612298064199,2.138315667743813,6.593604261059038
2021-05-19,11.764858623484555,1.2629166382962347,2.1381280856766587,6.596333829073427
2021-05-20,12.205883438542752,1.2868372050338523,2.193818687428327,6.82105212188289
2021-05-21,12.175233885106502,1.2855204222704435,2.178630341496054,6.835152699477744
2021-05-24,12.712555668677577,1.308508465243507,2.2236326330914107,6.95000415038218
2021-05-25,12.597827988901418,1.303516058651304,2.222694722755638,6.950402932936741
2021-05-26,12.6601410333318,1.3077405393243788,2.2418203582624097,7.0902431432227715
2021-05-27,12.62796768153004,1.308947787550364,2.241445194128101,7.06671358904299
2021-05-28,12.67701162669416,1.3133368660688647,2.2442569912996726,7.112274755300383
2021-06-01,12.743555009764393,1.3115262897691782,2.2416327761952557,7.07363573479058
2021-06-02,12.437633850194223,1.3153665114433988,2.2463203940383707,7.119884135164114
2021-06-03,11.935993070574415,1.3065332910983947,2.213131905002253,6.964531525611316
2021-06-04,12.044583809231654,1.3275461599263454,2.2605708296348723,7.0748085636219
2021-06-07,12.287708834166452,1.3255715778598134,2.2763219217686084,7.219686646145332
2021-06-08,12.16322352272298,1.3256811123972372,2.2864474857234574,7.312622349808045
2021-06-09,11.992775628210849,1.3219504252604408,2.283446172648987,7.2729357036627125
2021-06-10,12.329691366486212,1.3332016945288978,2.309322828737572,7.466406114896413
2021-06-11,12.510522157790247,1.337053165696151,2.3207614671625016,7.606939439006675
2021-06-14,13.295135109764905,1.3426660706408953,2.3460734432138803,7.7103413689343885
2021-06-15,13.415079129433758,1.338098776469613,2.3222601898639934,7.5811683325839585
2021-06-16,13.743170258579909,1.3251683723463779,2.3143856107149965,7.653094109915955
2021-06-17,14.764736549086123,1.3244531414209293,2.343261646042308,7.653094109915955
2021-06-18,14.951699954512758,1.2931996814617235,2.312134625909144,8.06436654791962
2021-06-21,15.06900426900932,1.3255538155023934,2.3385740281991922,8.064386262234981
2021-06-22,15.390364151411188,1.3366132513107138,2.365013430489241,8.157002040604572
2021-06-23,15.35603488344552,1.3352378527678193,2.3693258841980476,8.215056894822398
2021-06-24,15.17573769244078,1.3487733612004984,2.3925763913464717,8.279384705841663
2021-06-25,15.063818982799027,1.3574117876924623,2.390325406540619,8.271641476152595
2021-06-28,15.442640039634458,1.3624189962491822,2.4233282473453266,8.341061114377615
2021-06-29,15.376807449482609,1.3634646070226442,2.430077334091397,8.359020509805278
2021-06-30,15.070914283370087,1.3655552364909869,2.4238890597110463,8.16222045446685
2021-07-01,14.939074051407502,1.3789261470782401,2.4283910293227513,8.156989243592848
2021-07-02,14.995544264743732,1.397028949682202,2.4563291543142904,8.240511880468993
2021-07-06,15.888193706153423,1.390921067044018,2.4619546824931784,8.42582091100889
2021-07-07,15.722226975544785,1.4007152309254485,2.4608291900902524,8.395831286964341
2021-07-08,15.121514777019975,1.3814572830106013,2.4368283546732106,8.310931414934458
2021-07-09,15.474204721725599,1.40676805025563,2.4703920078436377,8.406443468336043
2021-07-12,15.523839166331538,1.4156817932876051,2.4780790049254797,8.296435513436863
2021-07-13,15.764930670696227,1.4072079646410671,2.464954061731904,8.239942932245011
2021-07-14,14.470703807383023,1.4103992681908744,2.457267064650063,8.04154567149725
2021-07-15,14.224300271354206,1.4021456927763452,2.433266229233021,7.896762701898799
2021-07-16,14.290261732600433,1.383988418942962,2.4060764986743552,7.939354961436031
2021-07-19,14.57585541597058,1.3483879180444829,2.3700742786309217,8.001133746065785
2021-07-20,15.262832210058608,1.38244723839748,2.4229530832110178,8.235488534569225
2021-07-21,15.816863933074146,1.40176084169891,2.454453333642747,8.350136616746793
2021-07-22,16.17003001670821,1.4069877114090579,2.4668298824034482,8.462362259191368
2021-07-23,16.77777928747038,1.4307028268791835,2.5030177506782927,8.536593227959742
2021-07-26,16.069517511697256,1.4371955605948021,2.5039556610140647,8.494557465499948
2021-07-27,15.688687223912012,1.4260810614784791,2.4615795183588696,8.314411164528067
2021-07-28,15.542331496370068,1.4247601341650062,2.485580353775911,8.489006329332826
2021-07-29,15.37774743427958,1.4355448455118962,2.489517643350409,8.49941790889911
2021-07-30,15.003715620712526,1.423219545698105,2.464391315530441,8.40514993255629
2021-08-02,15.849392875012587,1.4183224637573897,2.466267136201985,8.445733752983088
2021-08-03,15.682819360241862,1.4376354749802394,2.485205189641602,8.437412928440494
2021-08-04,15.909610452892537,1.426025998170477,2.489517643350409,8.605601632483658
2021-08-05,16.119176923202275,1.441102095070058,2.516893022140485,8.744540518106042
2021-08-06,15.763214049605281,1.4453390093933267,2.5033929148126015,8.625939888631413
2021-08-09,16.00145626431205,1.4436332310024182,2.5088308609243346,8.64961090167053
2021-08-10,15.728642747792833,1.4464947467827929,2.4917686281562617,8.466804551585792
2021-08-11,15.245523807322801,1.4522716574943826,2.4865182641116825,8.41505724068758
2021-08-12,15.388014104438277,1.4579940969765506,2.4990804611037944,8.53713554456473
2021-08-13,15.314899679068564,1.4642121062307387,2.5007686997081837,8.514216788295922
2021-08-16,15.17151707391152,1.4705396500223507,2.4942052611935246,8.353915539722617
2021-08-17,15.076762313684373,1.4537577747318626,2.4619546824931784,8.285105315947844
2021-08-18,15.121161409046934,1.4272912700973674,2.431577990628632,8.271873897554732
2021-08-19,14.83640120609479,1.4308680168031898,2.435890444337439,8.241865596790372
2021-08-20,14.741303933749045,1.450236091334042,2.476767864291143,8.339722616124234
2021-08-23,15.116354304990868,1.4715852607958126,2.5305826453712674,8.56114308442569
2021-08-24,15.557233097284769,1.4758766463485031,2.548770370542267,8.73569674540864
2021-08-25,15.647618328638249,1.4810490448292297,2.554395898721154,8.782816034309826
2021-08-26,15.166527074854898,1.466412862315086,2.53170620393845,8.73292740289835
2021-08-27,15.316840185066418,1.4880918195462902,2.5748326748622623,8.96068515892505
2021-08-30,15.446390278809492,1.4991518474331915,2.6072727694655073,9.04111714453706
2021-08-31,15.174633341033541,1.4964555215768236,2.6057721129282716,8.982672154394217
2021-09-01,15.120915048133053,1.4975561956582877,2.6175859154875103,9.088579877563726
2021-09-02,15.060460911052289,1.5050388847607854,2.622836279532089,9.176474250337218
2021-09-03,15.021319223171098,1.5039388027579021,2.6303356945467766,9.342382319371909
2021-09-07,14.851362958408075,1.4958504172673797,2.632774261419783,9.271279355307302
2021-09-08,14.026775291004263,1.4925489871015682,2.6121479693757768,9.042407567530176
2021-09-09,14.13040219585725,1.4814338959066649,2.6029603157567,9.038783246290595
2021-09-10,13.848637812850358,1.4625063278398307,2.5716457135563817,8.866575934700654
2021-09-13,13.837702960119504,1.4682287673219991,2.5693966625862728,8.816764085359527
2021-09-14,13.659283475824006,1.4550781099667551,2.553833152519691,8.83225642444575
2021-09-15,13.871032645478657,1.4754917952710684,2.5830843519813116,8.904721751461281
2021-09-16,13.933493887981877,1.4708700298703645,2.5875843877572726,9.066627468612735
2021-09-17,14.04191782656481,1.4470447877842347,2.555146226989772,9.065021270708678
2021-09-20,13.587754683432934,1.4057775027901704,2.477328676656862,8.803368726870266
2021-09-21,13.60157301304924,1.404401512168695,2.4850176075744477,8.852788710960468
2021-09-22,13.995814407570505,1.4281166276388202,2.520644663483573,8.973671013039118
2021-09-23,14.12653710760346,1.4572238027431,2.557582860027035,9.113669629578391
2021-09-24,13.744383646007073,1.4619349720094852,2.556644949691263,9.05800435790129
2021-09-27,13.602268527739149,1.4542024257459447,2.538269642453109,8.88497630823505
2021-09-28,12.747669335834118,1.4052108835884698,2.438514659441856,8.426880641925777
2021-09-29,12.498078181642873,1.409353065338832,2.43064008029286,8.372905959257082
2021-09-30,12.653132977483994,1.3795276989162,2.415639316427741,8.437114792653823
2021-10-01,12.564953983319876,1.4078622114727066,2.443765023486435,8.53607373845675
2021-10-04,12.115991342451581,1.3766004624133714,2.3708246068995393,8.129738871787778
2021-10-05,12.251936984493566,1.4015103924592869,2.413202683390478,8.280109985127798
2021-10-06,12.499581405768557,1.4117284846044766,2.429514587889934,8.401741085324941
2021-10-07,13.056718824659887,1.431722386195096,2.4653292258662134,8.56550340677204
2021-10-08,12.705688794003592,1.4281326137604982,2.4477042468966768,8.453000380451702
2021-10-11,12.430410289975784,1.4100161933491813,2.4257648803825895,8.399350811053852
2021-10-12,12.471986781806951,1.4039402829543537,2.42088968047232,8.571902604364817
2021-10-13,12.883069267142279,1.4125017392308306,2.4456408441579787,8.908153425794625
2021-10-14,12.972364470781109,1.453815798432768,2.505268735484145,9.090356587002386
2021-10-15,13.122563680620507,1.4726498180838559,2.522706132386527,9.052014318818525
2021-10-18,13.487969333234181,1.479829955031632,2.5523324959824563,9.167281153806247
2021-10-19,13.659295138270972,1.4993271026930692,2.5774588238024236,9.280648843080968
2021-10-20,13.657879940885286,1.5089377222144926,2.575770585198034,9.257144537059455
2021-10-21,13.939375861950698,1.515455323230499,2.5978975337792756,9.403178501020303
2021-10-22,13.090833025998633,1.5124173680330855,2.5682711701833467,9.29799052329402
2021-10-25,13.155330524792141,1.5255626966811033,2.600334166816539,9.382394078788089
2021-10-26,12.711398252387223,1.5284348698759298,2.602397569555237,9.28311071144468
2021-10-27,12.558244176246948,1.5171670224072136,2.6027727336895454,9.090630512226333
2021-10-28,13.541513159906094,1.5413593532133585,2.6526502251951722,9.217060145955106
2021-10-29,13.511652765927117,1.5461640708954891,2.6648372580529753,9.261813025282745
2021-11-01,14.000107051632845,1.5514116633559607,2.6875250189999362,9.347124131013732
2021-11-02,13.476661601859451,1.5614639734985625,2.7004643139621005,9.23632829523052
2021-11-03,13.661613006647448,1.5772049746442347,2.7387155849756435,9.310678587486597
2021-11-04,14.033632845451471,1.5890246393501344,2.769467440974498,9.455789091412168
2021-11-05,13.830414442222459,1.5981379128637951,2.7779047663249576,9.408323591464047
2021-11-08,13.814573458570173,1.6008443040560345,2.7801538172950666,9.536692837132087
2021-11-09,14.083865992242934,1.5917866859289562,2.7574660563481057,9.710691384498324
2021-11-10,13.36533059795621,1.5712948462519942,2.69558911405183,9.31408812644831
2021-11-11,13.431415486149207,1.5723446015755211,2.7145271674914477,9.330272541763222
2021-11-12,15.242676147731043,1.591289339921194,2.751840528169218,9.527490056376024
2021-11-15,15.216267833132534,1.591951875852963,2.7505274536991373,9.431336077197109
2021-11-16,15.500229828059496,1.6022806866927377,2.779030258727884,9.526795904956249
2021-11-17,15.156403553903424,1.596149712989908,2.7674040382358003,9.337164597239996
2021-11-18,15.810703931588158,1.604710577187804,2.785029017205336,9.187984643585931
2021-11-19,15.870221133531029,1.6004576767428573,2.7996546169361465,9.045490263895134
2021-11-22,14.853671073804518,1.5926700671713148,2.7524032743706814,8.474946217964238
2021-11-23,14.669298707584858,1.596260431684493,2.7349658774682992,8.264462352574967
2021-11-24,15.30470752922994,1.6029988780110895,2.751277781967755,8.418596133227268
2021-11-26,14.742859728868039,1.5441208077136,2.667088242858828,8.356869920105144
2021-11-29,14.612360127747102,1.576597502020468,2.736277018102636,8.458948223982292
2021-11-30,14.123572708673596,1.527605959862993,2.678712529515168,8.231372393041193
2021-12-01,13.45439744053481,1.498112157445536,2.6119603873086223,7.621100197143154
2021-12-02,13.26322203005033,1.536609106760649,2.6425246612403233,7.775308684674714
2021-12-03,12.86039759715378,1.5138531585912083,2.5727712059593077,7.366398505862415
2021-12-06,12.97603279891172,1.5441208077136,2.606334859129735,7.410007263168817
2021-12-07,13.860223744134787,1.596978030924264,2.715277495760065,7.8684985992460135
2021-12-08,13.842553410728682,1.603827195945446,2.7389031670427975,8.089450074361014
2021-12-09,13.667827464933813,1.586263184849893,2.675525568209287,7.754755646249091
2021-12-10,13.305624220939505,1.6110623962012238,2.7025257828650546,7.581739355999032
2021-12-13,12.608641114624646,1.5879482404904777,2.6517123148594006,7.541461626258084
2021-12-14,12.153808568852645,1.5696636697622508,2.610834894905696,7.312560439940512
2021-12-15,12.273548880151708,1.6100564546926668,2.6886505114028627,7.538700238646976
2021-12-16,11.875333281777959,1.5861199018333716,2.5975223696449667,7.203527824853872
2021-12-17,11.859584078400191,1.5604657290115544,2.594708638637651,7.4591740739459755
2021-12-20,11.404650084932433,1.5317090644270306,2.549895862945193,7.341838273441013
2021-12-21,12.362075836729545,1.5768112423880898,2.6355860585913553,7.704718984539827
2021-12-22,12.454171302234696,1.602797571293662,2.6785249474480133,7.700043579012901
2021-12-23,12.986679310979321,1.6187552731998593,2.7096519675811774,7.719240480060872
2021-12-27,12.510588321049577,1.6562664116781578,2.7614033459226035,7.738594403901359
2021-12-28,12.29771180044901,1.6542166356318808,2.7400035195810535,7.738594403901359
2021-12-29,12.546744886773315,1.6569869713108325,2.7364259234549135,7.5432829523051925
2021-12-30,12.533052965799321,1.6495066505226572,2.7303962236055592,7.656335904264518
2021-12-31,12.275662315919803,1.642913263448325,2.7076040355284303,7.513304395946461
2022-01-03,11.669765149673719,1.658704591273354,2.7520609854440186,7.42383944938263
2022-01-04,10.163897505368167,1.6578182496380922,2.702895145492132,7.073627779891398
2022-01-05,9.818818794326798,1.6060113738295345,2.579131591720862,6.604206412340471
2022-01-06,9.648842053839621,1.6040723164778425,2.5746102837517184,6.65562376785529
2022-01-07,9.342582044309468,1.5936552859295485,2.5401377277816772,6.59962300695189
2022-01-10,9.319648363562191,1.5887795188177374,2.541644185826144,6.683075779061323
2022-01-11,9.53877142466887,1.6143223808663882,2.5913766396509814,6.87544806834296
2022-01-12,9.655392155533802,1.6212485161030572,2.5996650596491633,6.787598658043095
2022-01-13,8.627712236981573,1.5852886235061119,2.509432283840675,6.365668384463736
2022-01-14,9.018982978689262,1.586175557219954,2.53015333383613,6.338806419257773
2022-01-18,8.628420915032487,1.540463538320806,2.4384160338189194,6.129317607996403
2022-01-19,8.344861826427111,1.51420011663948,2.399045071909682,6.1120914467540555
2022-01-20,8.287222258707212,1.4862741383036355,2.3549652199641464,6.08273579358766
2022-01-21,6.973161558152841,1.4378474391121188,2.2637906661483984,5.838694358938886
2022-01-24,7.480826585133956,1.4463804756167238,2.2843241340766998,6.095615812956111
2022-01-25,7.072977901607132,1.4182330598917088,2.209351256123007,5.754021720333414
2022-01-26,6.824463987676382,1.4126367331472234,2.2099159361602143,5.663661328814028
2022-01-27,6.36260497039075,1.400059207858067,2.1650818882745737,5.584292878635908
2022-01-28,6.888216868095031,1.4587365635167098,2.264357280021349,5.893889253968803
2022-01-31,7.747044696393468,1.5031738372316776,2.3754986878924473,6.338187666447618
2022-02-01,7.9060669508334165,1.5204613476300572,2.400363947886994,6.425347075709889
2022-02-02,6.898454945225036,1.5446744011865254,2.4175054679205656,6.152545221872515
2022-02-03,6.102210349378688,1.4856092340575442,2.289787220053103,5.8467436793138035
2022-02-04,6.761394023376329,1.498076632730696,2.342532589966873,6.1658959637533295
2022-02-07,6.585031675044497,1.4892108480637547,2.3227533179786772,6.20775533497043
2022-02-08,6.667086243473552,1.508991601365333,2.365137195976848,6.329812886936671
2022-02-09,7.1375981801886645,1.5460042096787086,2.4352136018270882,6.512949884135164
2022-02-10,6.8527350021602675,1.5010127504122348,2.3628765419922764,6.455422128454329
2022-02-11,6.531490952219363,1.4509791499527815,2.2694432680277004,6.157633590426452
2022-02-14,6.560259029789089,1.4430008910782641,2.2698203659977527,6.165619963338291
2022-02-15,6.909626039092481,1.482285304905667,2.35251698391242,6.3766482205236406
2022-02-16,5.606084209439116,1.4851107038926203,2.3496897160548973,6.242154048351953
2022-02-17,4.856574275273175,1.4329716720003076,2.251547552054024,5.810381835160655
2022-02-18,4.719335515867297,1.4161832838454318,2.2125536881148387,5.590198180749144
2022-02-22,4.4480113798114935,1.3899749254721083,2.1731827262056016,5.489989278179365
2022-02-23,4.44266009776347,1.3464239933924032,2.091615468365348,5.180065714384533
2022-02-24,4.829245212712814,1.3833258830111932,2.1955997501484217,5.671702348424584
2022-02-25,5.354645735135529,1.4357976630658418,2.247780440024985,5.717945906685574
2022-02-28,5.580444015852632,1.4308662405674482,2.261342430096672,5.892672846124581
2022-03-01,5.433669175789661,1.3931887280079809,2.209351256123007,5.841298723757479
2022-03-02,5.319842477070857,1.436850378782272,2.2611548480295176,5.861774980112752
2022-03-03,5.059334783600517,1.4251591951283777,2.2106701321003195,5.530300556842943
2022-03-04,4.703999098032694,1.4044364448049547,2.1575476642164966,5.234439179607789
2022-03-07,4.2047441135908,1.3337914047952442,2.043203824353567,4.950385293812472
2022-03-08,3.869463819905259,1.316393175702279,2.036044764429799,4.976865077992598
2022-03-09,4.54146109474139,1.378727208675135,2.145492132189276,5.3217300176391245
2022-03-10,4.2348520049645515,1.3678116479619176,2.115728466255533,5.172782139522014
2022-03-11,4.123368413807753,1.3382793604367174,2.047912714389865,4.7935426970566875
2022-03-14,3.840079458743241,1.3206040385679985,1.9861266623735512,4.504790578632449
2022-03-15,4.280283208921724,1.3716903547438815,2.0733445882573625,4.667877079514406
2022-03-16,4.94165330460754,1.4242171981065326,2.1895719841348114,5.1290824196728115
2022-03-17,5.418827511293368,1.454359326569822,2.2317682800658276,5.4234828623802445
2022-03-18,6.534201407285101,1.480622748251148,2.2980756400512856,5.711743506381213
2022-03-21,5.697424123185056,1.4801242180862242,2.2852659120839593,5.635338083215163
2022-03-22,6.133724836296031,1.510377065244099,2.349314551920589,5.865356759934977
2022-03-23,5.8736922580098945,1.4789051282886265,2.3050451840721555,5.763217237920659
2022-03-24,5.87983226972294,1.5147685120769228,2.3689043080058867,5.824655345346384
2022-03-25,5.607483813414591,1.5274431382533091,2.363630737932381,5.59908207380763
2022-03-28,5.937403998169232,1.5451770759015138,2.407710589877917,5.740215819873414
2022-03-29,6.326234996659421,1.5776431127939299,2.4706279358043886,6.055638640058105
2022-03-30,5.933625513138107,1.5616327158940533,2.4286192219405267,5.836153979178916
2022-03-31,5.668899316141622,1.52216238939232,2.3760633679296546,5.714532563206863
2022-04-01,5.434668791616697,1.528277376973472,2.3856706639051493,5.81408017154913
2022-04-04,5.8641251183858545,1.5505697276142492,2.449906885808933,6.055330474181164
2022-04-05,5.57340114568165,1.517714695094333,2.373615131877928,5.7816874762217685
2022-04-06,5.143842288279608,1.493254152691145,2.2988298359913903,5.494266592882095
2022-04-07,5.053169843916766,1.5055954386266146,2.301090489975962,5.488309065126414
2022-04-08,4.743972485178906,1.498924489258214,2.257010638030427,5.338306989935323
2022-04-11,4.819858385547374,1.455729396405491,2.1858048721057726,5.338306989935323
2022-04-12,4.6493365716868436,1.4463342934874315,2.1760080602273804,5.375233977795456
2022-04-13,4.77477230932518,1.4749642532556924,2.2404337980340623,5.379016359423097
2022-04-14,4.497648001935661,1.4443887232713526,2.170734490153875,5.591546017362432
2022-04-18,4.509574239968689,1.4452780252995177,2.1664007642518857,5.358289696676236
2022-04-19,4.783538789817703,1.484748351801251,2.234593614087607,5.192893508110539
2022-04-20,4.048057211251117,1.4825250967308383,2.1952226521783693,5.443164320547851
2022-04-21,3.641662780149635,1.4465569150337632,2.1291028742600657,5.176147061875281
2022-04-22,3.423882668426762,1.3781226964442723,2.0494211062700756,4.9098588870058455
2022-04-25,3.542487536977707,1.3927991403019009,2.0886025522764142,4.793532321101235
2022-04-26,3.272873914229103,1.3231422794433279,1.9665349724525099,4.994301525265452
2022-04-27,3.2055917237837095,1.3301465690526446,1.9659702924153026,4.713993013523329
2022-04-28,3.4370907259740555,1.388685378323411,2.0571429123953067,4.67142703973991
2022-04-29,3.225211963531968,1.2990707326676398,1.9296141804307423,4.909679382976516
2022-05-02,3.4819412755315478,1.3138584872984342,1.9772716285024177,4.642346349393007
2022-05-03,3.5052681449365632,1.3245875432587413,1.9838660083889792,4.642346349393007
2022-05-04,3.688583853630596,1.3945783364368118,2.079372354270973,4.642346349393007
2022-05-05,3.039738450364025,1.309577759160196,1.9258451345659604,4.642346349393007
2022-05-06,2.8997881090396476,1.2971251624515605,1.8855343284852069,4.642346349393007
2022-05-09,2.4286635222710635,1.2232426367627514,1.762335454751144,4.642346349393007
2022-05-10,2.454749192977741,1.2276346756741554,1.7898384667003153,4.642346349393007
2022-05-11,2.1203430326500983,1.1925007326972437,1.701301664839192,4.642346349393007
2022-05-12,2.368144169906049,1.1892762727469188,1.7029976387865564,4.642346349393007
2022-05-13,2.7620529559726323,1.242644459772701,1.8058506266594727,4.642346349393007
2022-05-16,2.4730270934271488,1.2331937014680587,1.7723198486966911,4.642346349393007
2022-05-17,2.6385899817104423,1.2794468801899388,1.8488011185305941,4.642346349393007
2022-05-18,2.4684395137045287,1.1878860722395075,1.714111392806518,3.857704838653893
2022-05-19,2.7372214514221618,1.1742108332617907,1.7078960447257527,3.6355148203230376
2022-05-20,2.5172582968644326,1.1753227568362874,1.700172304764778,3.849533082004635
2022-05-23,2.539612048120722,1.2159600702205196,1.7433103787030535,3.876517829350119
2022-05-24,2.1604448094200235,1.2000609840938088,1.6790741567992695,3.8636426520942138
2022-05-25,2.225883955061346,1.2195184624903415,1.719574478782921,3.585758655276173
2022-05-26,2.4366727517191205,1.2629355848108164,1.7924762186549397,3.744781240272542
2022-05-27,2.632557127890705,1.3195844792520863,1.8855343284852069,3.884267976342822
2022-05-31,2.6067635749392615,1.3063532992098712,1.873853960592295,4.149395427662298
2022-06-01,2.453084950977204,1.2876744041469181,1.853322426499738,3.9767384913360777
2022-06-02,2.775907710883331,1.330758186226476,1.9301788604679495,3.943163974682669
2022-06-03,2.4356587954508684,1.2925110940724052,1.8578418006331376,4.266118700930377
2022-06-06,2.489273346921304,1.2994040729085565,1.8697097505932039,4.086778957562342
2022-06-07,2.6379159877543614,1.3207514661345852,1.8968356645723228,4.053111403175043
2022-06-08,2.7036336170617794,1.2956242432495637,1.8755499345396598,4.186430325459136
2022-06-09,2.445027560899176,1.241713712243889,1.7969975266240836,4.206970912738215
2022-06-10,2.2231028882087567,1.1755761664688138,1.698288748750258,3.9811178362674227
2022-06-13,1.8639528586077123,1.091927896670446,1.572264540994417,3.6961411821671915
2022-06-14,1.7590061924190286,1.0863511085191226,1.5771629469336133,3.338766990627053
2022-06-15,1.9612490596609442,1.1160740453472981,1.6415867509045516,3.3401431881852455
2022-06-16,1.747512416734864,1.0465350081262783,1.5336477750252846,3.526276415453256
2022-06-17,1.8182779495057764,1.0502710239703013,1.5696287228755361,3.262975478158614
2022-06-21,1.896883840719143,1.102411832098356,1.634240108913629,3.4564721751461285
2022-06-22,1.991888888666228,1.098787127027499,1.6304729968845901,3.5481451250302634
2022-06-23,2.2302076234340173,1.119810653269902,1.6730463907856592,3.604002351883236
2022-06-24,2.4432941135644475,1.186004446510141,1.7625249706540425,3.8800031127866363
2022-06-27,2.343521634762688,1.1780853954936896,1.7427456986658463,4.135960294677135
2022-06-28,2.1339252701407196,1.1336404247571736,1.661367956728491,4.013512952651057
2022-06-29,2.003146762052352,1.132134768926532,1.6608013428555406,3.783678622073116
2022-06-30,1.8552883435341965,1.1143457679703248,1.6253870088782398,3.7596631273129733
2022-07-01,1.90377252319845,1.1363172120203795,1.648933392895474,3.6096811123024244
2022-07-05,2.120331892295325,1.1408898348988878,1.6956509967956341,3.75740220661986
2022-07-06,2.054033263235578,1.1485300169038437,1.705070710703974,4.007684432608169
2022-07-07,2.230653822261395,1.1803720029722347,1.7670462786231864,3.9491059385051708
2022-07-08,2.220347309359233,1.17864313351668,1.770436292682172,4.152326980942829
2022-07-11,1.9710854997745222,1.1538273439650912,1.7078960447257527,4.131509355653166
2022-07-12,1.9887839808421321,1.1344770317916595,1.6822765887911015,3.930113789644796
2022-07-13,1.9743926094057587,1.1235466691139249,1.6783199608591648,3.7319216269498146
2022-07-14,1.8778183723039699,1.1184163082124257,1.6790741567992695,3.692128454328503
2022-07-15,1.9957377889800414,1.1588463940934242,1.7271106366767421,3.546730536436897
2022-07-18,2.0614261616126646,1.1413919175352953,1.7052582927711288,3.666479438314945
2022-07-19,2.201805554169086,1.1989419555763439,1.7894613687302625,3.657172898004358
2022-07-20,2.544929301634772,1.2125485134387035,1.8329765406385912,3.749099021201536
2022-07-21,2.68528176043536,1.235133350898331,1.8717828225106214,4.041767716943935
2022-07-22,2.4667690453798574,1.215225300701909,1.817718576619539,4.135763497388718
2022-07-25,2.4362345725188774,1.2175119081804535,1.8056630445923183,3.9049168194237884
2022-07-26,2.0674495396377557,1.1911904627982226,1.7527281587756494,3.8023003493238337
2022-07-27,2.4193150385754225,1.2478482384182028,1.8644361805196992,3.5660346556912117
2022-07-28,2.4853954235196407,1.276400043813815,1.8958938865650632,3.779962300695189
2022-07-29,2.464360788279024,1.3102497683492556,1.9499581324561452,3.840063639193443
2022-08-01,2.589003637392636,1.3028327999692118,1.9446826285468966,3.855432850274963
2022-08-02,2.6824720029048685,1.2881664214474546,1.9397861564434442,3.900011067685816
2022-08-03,3.071289161550607,1.3238563262116148,2.016265492441603,4.02507695500294
2022-08-04,3.159296524283457,1.321625374119653,2.0294523183789814,4.31788192162695
2022-08-05,3.0979524028866763,1.3175548338775522,2.014571452329982,4.351348528343652
2022-08-08,2.982262788178956,1.315547095410503,2.0113690203381505,4.41736658250614
2022-08-09,2.7804058934523,1.3058441116304955,1.9757651704579513,4.520362466710476
2022-08-10,3.1431747137584107,1.3541370010627811,2.0620413183345034,4.356388821637326
2022-08-11,3.092679506097931,1.3549736080972665,2.0445227003308792,4.670941099159548
2022-08-12,3.1739095271032447,1.3937304799092938,2.108194242197456,4.544063224155225
2022-08-15,3.1031403866304927,1.4042700707237863,2.1274069003127014,4.575187285995919
2022-08-16,3.0224459676203166,1.4092891208521197,2.121568650201989,4.578250613910698
2022-08-17,2.79897088476985,1.3911650034192538,2.0833270483671655,4.527300522256425
2022-08-18,2.7420692201314925,1.3981917920146363,2.089921428253727,4.368414554006848
2022-08-19,2.520796190222513,1.3664611167194112,2.0279458603345146,4.3714616262580845
2022-08-22,2.412815669379329,1.3168295376162322,1.9508999104634048,4.15549545187286
2022-08-23,2.359282975754604,1.3116991767147335,1.9510874925305592,4.011672949884136
2022-08-24,2.4222965822798104,1.3188929314698647,1.9633325404606778,3.9928737937951784
2022-08-25,2.52658000663668,1.351571524572741,2.0126878963154624,4.079740601113686
2022-08-26,2.3209195674563894,1.2712134354471525,1.8943874285205964,4.196117317469651
2022-08-29,2.2829073275435263,1.2575512221982104,1.8650008605569055,3.9777338913291596
2022-08-30,2.2635239250570978,1.2316762040658036,1.8329765406385912,3.895232248469547
2022-08-31,2.269068706875149,1.214890776303831,1.817530994552384,3.905749316916266
2022-09-01,2.2462221516918075,1.2224747108436231,1.8133867845532934,3.8702006018054167
2022-09-02,2.1566188718887003,1.1987187419514318,1.7766535745986802,3.6367142807733543
2022-09-06,2.145513976794995,1.189963675979076,1.7563076887375337,3.623687960433023
2022-09-07,2.2585339685041443,1.2296128102121715,1.8152703405678126,3.603529900044963
2022-09-08,2.3736126971324016,1.2436657953243553,1.8322242785342295,3.742209386781033
2022-09-09,2.57954152153958,1.2794670108616817,1.8917496765659716,3.864388337426071
2022-09-12,2.6378872509315676,1.3040595867883584,1.9286724024234831,4.075902189326601
2022-09-13,2.412526385771821,1.2035145784548527,1.7777829346730947,4.196385017120327
2022-09-14,2.4623354576761876,1.2119351200291302,1.7986935005714484,3.901072527928614
2022-09-15,2.4727941929292436,1.1863946262948017,1.7587578586250037,3.96074603119704
2022-09-16,2.2769438302489036,1.1698324121577417,1.734080180697612,3.9281506588731707
2022-09-19,2.3459241544419873,1.1867291506928797,1.754613648625913,3.7138702313838063
2022-09-20,2.1860564398568716,1.161021098720222,1.7288046767883625,3.7509386781032754
2022-09-21,2.1241091180002236,1.1241600625234978,1.680015934806529,3.630131774634248
2022-09-22,1.9528929184903592,1.1062040954075423,1.6436598228219692,3.576956386400581
2022-09-23,1.9280947131616486,1.0712388948261213,1.5961899568174478,3.391852799778646
2022-09-26,1.8670276966358497,1.0508127758716137,1.5807424768954972,3.3219257773319963
2022-09-27,1.870988793213742,1.0455432765036576,1.5871473408791603,3.2630249368796047
2022-09-28,2.0473023058455264,1.0852853670739182,1.6400802928600848,3.3562120845294503
2022-09-29,1.8790350640997455,1.04240466794753,1.5654845128764454,3.5442465327015524
2022-09-30,1.8558494764688471,1.0103424286471303,1.526867746907313,3.4496313077162517
2022-10-03,1.9581995999172648,1.0635365445701952,1.5841324909544832,3.3946300971881165
2022-10-04,2.291667382575854,1.1267083687346986,1.6704086388310344,3.4873361463701453
2022-10-05,2.2553232594312735,1.1217195146139796,1.6640037748473717,3.7443440666828067
2022-10-06,2.218642364241278,1.100755788308224,1.6459204768065407,3.746088264794383
2022-10-07,1.978153212090651,1.0421802701654563,1.5457052408882492,3.7549130149067897
2022-10-10,1.892516152554843,1.0269899020998068,1.519331589013492,3.4778442223221395
2022-10-11,1.7643460594301956,1.0130890811828546,1.4916409949971672,3.2458406253242487
2022-10-12,1.7931755065148174,1.0065868742099453,1.4895679230797496,3.1651198422854767
2022-10-13,1.8136262087813346,1.0600053879150844,1.545138627015298,3.1430169819804243
2022-10-14,1.682719424335962,1.0128084359356175,1.4669633170697747,3.1376550340677207
2022-10-17,1.9228594131917278,1.0646016939368192,1.5515434909989616,2.9853730155985194
2022-10-18,1.9914408905310035,1.0882558253131354,1.5747147108818869,3.222709853699028
2022-10-19,1.9093640137568184,1.0745231547130936,1.5528623669762736,3.3327406357002047
2022-10-20,2.0010755465441314,1.0568661872803755,1.5372273049871685,3.1979818766644765
2022-10-21,2.0196242727908915,1.1065291465483296,1.595812858847395,3.2515363331373432
2022-10-24,1.9666111881829331,1.1324254795096405,1.6180403668873171,3.2891823747103377
2022-10-25,2.0874915245717074,1.1666742650084516,1.676813502814698,3.264973541313596
2022-10-26,2.0134784483078194,1.1503068447244318,1.6223740927893067,3.527215785286895
2022-10-27,2.2943454919190613,1.1388720310959668,1.5798006988882376,3.4329550721128905
2022-10-28,2.3436574109949575,1.1890394413146512,1.654208896804723,3.5065551827897483
2022-10-31,2.3606900576700167,1.1736809229320913,1.6268934669227066,3.5490222391311868
2022-11-01,2.397779301972111,1.1650484172259343,1.6037241808755245,3.5341994950368347
2022-11-02,2.2160895675744277,1.109555852252711,1.5165062549917137,3.4747553003839107
2022-11-03,2.243985472626344,1.0883683202434624,1.472991083083385,3.1445533151177667
2022-11-04,2.30851423998354,1.1179077127116313,1.505580083038907,3.1121173866426872
2022-11-07,2.36369878351698,1.1385913858487298,1.526867746907313,2.873388441185626
2022-11-08,2.41129602449268,1.1501943497941047,1.539487958971741,2.8718873862968217
2022-11-09,2.2281854679356017,1.1063047487662563,1.4767601289481669,2.913428907411891
2022-11-10,2.706092344385094,1.221662379030945,1.658730204773867,2.779413066786567
2022-11-11,2.9581834385449866,1.2430743088222669,1.70846072476296,3.2799169923563793
2022-11-14,2.8780244639226007,1.2242408812497594,1.6783199608591648,3.493320305744821
2022-11-15,3.0530389365432624,1.2431305562874302,1.717313824798349,3.371558122643793
2022-11-16,2.9251734212954044,1.2266506410730833,1.6766259207475436,3.5505551136167126
2022-11-17,2.81986583198453,1.2191395321987133,1.6673957227421012,3.326728461245807
2022-11-18,2.7688527251042427,1.2296779388560446,1.6677708868764105,3.1758527306056097
2022-11-21,2.6414949439342346,1.2211579280802147,1.6387614168827729,3.1111434302908725
2022-11-22,2.6521799471847856,1.2517624699150072,1.6747423647330244,3.020221699581503
2022-11-23,2.751657453197957,1.2652150873463928,1.701301664839192,3.01700549925639
2022-11-25,2.7430974231459073,1.2650469370294823,1.686985478827399,3.1556199633382906
2022-11-28,2.785367362262004,1.2291734879053147,1.6447891828963832,3.134187735620656
2022-11-29,2.68367443473758,1.2253616860029664,1.6291541209072782,3.068904299104209
2022-11-30,3.014107261327017,1.2943631158727387,1.7451939347175731,3.0198326012520322
2022-12-01,3.2378581483624043,1.2934098693578613,1.7487734646794566,3.2324525300038047
2022-12-02,3.186469800586046,1.2909438620693736,1.7436874766731059,3.3537861861446405
2022-12-05,2.923820894769813,1.2496884186469228,1.6905650087892834,3.31346418566043
2022-12-06,2.7626112549950608,1.2175142764947764,1.6366902788010993,3.0979597412928443
2022-12-07,2.7437325516941278,1.2132542711068615,1.6231263548936679,3.0183827344101273
2022-12-08,2.779026930642661,1.2306305932923416,1.6527024387602567,3.021916093106907
2022-12-09,2.8000063974714116,1.214151270156575,1.634240108913629,3.1721288001936854
2022-12-12,2.789107879789691,1.2452046075555145,1.667583304809256,3.1610580015909804
2022-12-13,2.88716390229302,1.263126826192372,1.6945216367212201,3.3175381316362884
2022-12-14,2.8586966843726693,1.249559345516337,1.6741757508600732,3.384736277798914
2022-12-15,2.651380975424209,1.1938269887179427,1.58808911888642,3.419264690623595
2022-12-16,2.5919384085261408,1.1670306963140145,1.5628467609218206,3.258511742122921
2022-12-19,2.6048907944422055,1.1490161134185728,1.524984190892794,3.2455556324144847
2022-12-20,2.634364636232196,1.1514933702000931,1.5253593550271027,3.0921329505758655
2022-12-21,2.6777571667955664,1.1835816609580423,1.5641656368991326,3.1211769792135025
2022-12-22,2.5348375587950405,1.1538575399727051,1.5084054170606853,3.1522823643343827
2022-12-23,2.478452618210367,1.1650602587975478,1.5136809209699345,3.0453408501366166
2022-12-27,2.425465348706772,1.15672852901037,1.4788873482664129,3.008190433369072
2022-12-28,2.357851517959015,1.1305515508018225,1.4454416590763612,2.917616297167364
2022-12-29,2.5667024025470653,1.1674244285701598,1.509101597928475,2.9068934389375025
2022-12-30,2.515388981349466,1.1629210788855895,1.5062511240420258,3.1063687614567845
2023-01-03,2.613162920396273,1.1534632156379794,1.4874387699257596,3.126785183135614
2023-01-04,2.753728805707216,1.1702397622212422,1.5047311291473524,3.1015135060353476
2023-01-05,2.6694184467823954,1.1455820576506914,1.4680559342650552,3.132263687614568
2023-01-06,2.7947559114280227,1.1945587978436496,1.5311434577369867,2.9322923944246533
2023-01-09,2.8017772247416266,1.1930389321270716,1.5471053379668036,2.958504824819286
2023-01-10,2.768874636228139,1.2088018401802287,1.5727596029448447,3.085580188842389
2023-01-11,2.7860433820133763,1.2363299417098639,1.6179862194864891,3.1094870819354616
2023-01-12,2.8976519481310836,1.2450559958317666,1.6345185812607448,3.205641752844741
2023-01-13,3.097960698477089,1.2538945448839969,1.653330935377011,3.247569951233009
2023-01-17,3.1967522310539698,1.2497286799904082,1.6569414067107968,3.289206585273061
2023-01-18,3.1201044340338786,1.214262580929741,1.6238766831622855,3.3735641406979564
2023-01-19,3.050195671443486,1.1984996728765842,1.5989824156315806,3.2990360737384563
2023-01-20,3.271139324190531,1.238863445956547,1.6679623366150524,3.213521945145782
2023-01-23,3.5704966241125327,1.2654347484998212,1.7217403748160436,3.35825511015806
2023-01-24,3.496559798546942,1.2639148827832432,1.7145194321484718,3.539459758586103
2023-01-25,3.8508739537192884,1.264308615039388,1.7093889659200125,3.486875453948051
2023-01-26,3.9741821998920184,1.289191309470593,1.7572746066094638,3.4917684086742984
2023-01-27,4.132375041702425,1.2948770400807597,1.7834993531319436,3.630569294089164
2023-01-30,3.8167925007828645,1.2657165779042194,1.7289613174836154,3.7406322415522437
2023-01-31,3.9829887414072083,1.2985929252530397,1.7747564817339545,3.616216926641995
2023-02-01,4.060939800872879,1.323137542814682,1.8304354804711593,3.729594991872168
2023-02-02,4.312269620111014,1.3568581942195368,1.9225982243520199,3.9466509874450946
2023-02-03,4.212656836665859,1.3325948139837118,1.8764201606243969,4.193529900044962
2023-02-06,4.104927016469695,1.3182398687953865,1.84791735559565,4.025161691972469
2023-02-07,4.087620989204905,1.3481889796413782,1.902074425602438,3.9057711064227165
2023-02-08,3.9736318512390776,1.322574476084466,1.85342878746565,4.008451215716113
2023-02-09,3.915876131166156,1.3028712850769555,1.8247345326982614,3.965261301144814
2023-02-10,3.770894738162978,1.3078814540265782,1.8082021709240061,3.868943381869747
2023-02-13,3.808635611242286,1.3350158233000684,1.8498183161318642,3.777188116072355
2023-02-14,3.9539746188849287,1.3337771949093082,1.8665401938090178,3.8786822536575247
2023-02-15,4.2314055440436045,1.341208373175288,1.8939039695846316,3.9878352298274136
2023-02-16,3.53515265943153,1.309683149147555,1.8420268919198541,4.140609414450247
2023-02-17,3.3956242983242317,1.3032650173331004,1.8260650116900368,3.934059073773043
2023-02-21,3.2379192891739326,1.257609837977696,1.7549946142674533,3.839134645315256
2023-02-22,3.3127851637098225,1.253781457875089,1.7582241199596989,3.70969217998824
2023-02-23,3.367125821023687,1.2656597383604749,1.7789374346121787,3.7741469235292078
2023-02-24,3.366829044193575,1.2411713682639962,1.732190823175861,3.7907826929063058
2023-02-27,3.349885918845705,1.2489968708647008,1.7496746321360956,3.656968837547124
2023-02-28,3.4497371469062834,1.240383311673125,1.7470136741525448,3.6580496662400996
2023-03-01,3.3848897455752898,1.23238965875551,1.7289613174836154,3.6792390966001456
2023-03-02,3.4987504292500597,1.2499536698510627,1.7494831823974533,3.618709922872065
2023-03-03,3.67510480600761,1.2860390831071098,1.8036402524042408,3.7136315844083976
2023-03-06,3.7341517858697255,1.2886282427403764,1.800410746711996,3.89691868709577
2023-03-07,3.6666947699077674,1.25254342156291,1.7656365123659126,3.8487223740186076
2023-03-08,3.7152759794365497,1.2564837045172634,1.7766574422701682,3.8090139383668244
2023-03-09,3.593919068200413,1.2147125606510496,1.7200289301827278,3.796564521149656
2023-03-10,3.4618274482720457,1.1835816609580423,1.672332805396175,3.632835748625186
2023-03-13,3.456086860824593,1.1790214717297283,1.684494698389308,3.394136201708574
2023-03-14,3.7070536571852566,1.215669951715992,1.7424536894685239,3.4448718569501606
2023-03-15,3.670133269996728,1.2020462235747926,1.7437822346245553,3.528669802510981
2023-03-16,3.779031609521672,1.2399333319518164,1.811812642257792,3.5566226265001903
2023-03-17,3.743430324575642,1.2133614373299624,1.7910993276053118,3.6573081312904234
2023-03-20,3.6730559247367713,1.2353168952583387,1.8019307416066694,3.5888299380901323
2023-03-21,3.832696466547455,1.2643654545831322,1.8463973607009767,3.5534586518175217
2023-03-22,3.715681782772063,1.2264220987409447,1.800600262614894,3.703746065783557
2023-03-23,3.6804664657384354,1.2320634234575611,1.8287240358378436,3.545656970912739
2023-03-24,3.6019658138233943,1.2468180216878384,1.8376564231387311,3.61176287483139
2023-03-27,3.6550029156491837,1.2507186353772872,1.8245430829596194,3.566799017742884
2023-03-28,3.6012297855950433,1.2465356002048593,1.811812642257792,3.5907889184795767
2023-03-29,3.8093057742205545,1.2790407142836,1.8623592409307936,3.562715387541936
2023-03-30,3.866067902818921,1.2917034988883724,1.8836411032919687,3.654423961539792
2023-03-31,4.0201204874162215,1.3238693519403895,1.9336191542562755,3.7004136547573756
2023-04-03,4.03200785224475,1.3321229273549187,1.9258277300442654,3.8952108048282783
2023-04-04,4.03255497494903,1.320194912268756,1.9110048790675815,3.817953861584755
2023-04-05,3.805014381683436,1.3147116725331789,1.8802220816968247,3.7872531387265242
2023-04-06,3.7968699246782256,1.3234738434485025,1.9028344230497747,3.6093833223809364
2023-04-10,3.762231835978681,1.3261310921185459,1.90188490969954,3.6447487289454576
2023-04-11,3.7347724456723688,1.3260742525748017,1.8891525351619682,3.6394435029225605
2023-04-12,3.711971898468156,1.3173683291246414,1.8646392332728041,3.62934458548058
2023-04-13,3.791769358040985,1.3475560476386428,1.9214572612631429,3.6003507072942966
2023-04-14,3.844248641319872,1.341789794341505,1.9113858447091219,3.682932936741258
2023-04-17,4.032884134758984,1.350438878247921,1.9195563007269283,3.642231176287483
2023-04-18,4.084719894183487,1.3517959223548148,1.9186067873766937,3.6878867637394945
2023-04-19,4.060101808911668,1.3516259958021628,1.9195563007269283,3.7042531041400064
2023-04-20,3.9751212676331615,1.338454615696595,1.8959944460237432,3.6756867153183688
2023-04-21,4.0348101505699825,1.3397548202597447,1.8994134676188872,3.6063746411648747
2023-04-24,3.9869863255212667,1.3426944904127676,1.89086204595954,3.6454470307474143
2023-04-25,3.7999942245200664,1.3054971535822233,1.8338545020663037,3.5490018330854634
2023-04-26,3.801516880927996,1.2961127080786161,1.8473468740512118,3.3424054923390862
2023-04-27,3.883934878293813,1.341676707332597,1.9163267950346832,3.3982350499775196
2023-04-28,3.995383595580746,1.3610666887709333,1.9366591440456227,3.439227337183966
2023-05-01,3.935087515870099,1.3593709757158972,1.9334296383533771,3.395987272161311
2023-05-02,3.8640320646073834,1.3329713759610176,1.9016953937966417,3.3783851554663986
2023-05-03,3.8820099402032078,1.3161812115703997,1.8883925377146316,3.2491481340573447
2023-05-04,4.715610012295547,1.3000139138466458,1.8745211339239263,3.184299795939542
2023-05-05,5.092133458069645,1.3420728079030648,1.9391286522905316,3.2367554387299826
2023-05-08,5.328079411272728,1.3433161729224703,1.9440696026160929,3.32264310171895
2023-05-09,5.285945219242776,1.333762392944792,1.925638214141367,3.3973278456057834
2023-05-10,5.239304997582532,1.3435991864840302,1.9560419797063275,3.392082108394148
2023-05-11,5.214238257905725,1.3400940812864683,1.9617429274792255,3.489687683740878
2023-05-12,5.0829419757846095,1.3370413241245376,1.9520505427310013,3.4612385432158543
2023-05-15,5.087324401064295,1.344786304038272,1.9712438624888082,3.404190848407291
2023-05-16,4.941464671943022,1.329127009736732,1.966113396260348,3.554216788295922
2023-05-17,5.03196029406754,1.3573922490993007,2.0048790675817574,3.492375402068274
2023-05-18,5.061536650701962,1.380231088270035,2.0502952000263,3.614485525542144
2023-05-19,4.985077644431152,1.376782230537637,2.0428828076200864,3.7128260644000974
2023-05-22,5.148268348766478,1.3774607525910838,2.0578951744996683,3.6851741431190117
2023-05-23,4.774770419172204,1.3514566613280916,2.019510468819799,3.8143323072666275
2023-05-24,4.8401595438420655,1.333819232488536,2.0012685962479715,3.750958738283817
2023-05-25,4.684114736121051,1.354396331481114,2.0529542241741066,3.7660782347041124
2023-05-26,4.87789683626876,1.385318819513726,2.119843668718466,3.7164908518659434
2023-05-30,4.698103993868696,1.3857711675493571,2.129915085272487,3.835875557707605
2023-05-31,4.590689613454827,1.3710728167842436,2.110342733708884,3.92154740082316
2023-06-01,4.668815403325632,1.3954942820011071,2.150247434283427,4.026442430740498
2023-06-02,4.700440558749484,1.4296388616697207,2.183882639376377,4.01368934389375
2023-06-05,4.894817622517491,1.4254558264972927,2.1812216813928256,4.071220904091585
2023-06-06,5.195225157641861,1.4305998052061466,2.1924340610357236,4.105110158060389
2023-06-07,4.7415890742785,1.4225960869526602,2.151388397372304,4.235415211150693
2023-06-08,4.68238285086954,1.436602889935552,2.1836931234734784,4.112648635561858
2023-06-09,4.881507860682039,1.4414798412045244,2.189202621507734,4.131351295265106
2023-06-12,5.227620018586412,1.4636519998934259,2.2374692278387256,4.152953342786981
2023-06-13,5.0654228704335384,1.4797571293662095,2.264453971808542,4.267963199944662
2023-06-14,5.263961383216779,1.482648841154198,2.2775653781519103,4.370576557257981
2023-06-15,5.294547309535965,1.5133279848901546,2.3153815361230845,4.335426970566873
2023-06-16,5.143296050600561,1.504368059728887,2.2927672609343905,4.442926365302805
2023-06-20,5.104946500190633,1.4925164227796315,2.2874472788030324,4.361991145851348
2023-06-21,5.018231509154419,1.4793598446385805,2.248111125937185,4.282991733822156
2023-06-22,5.086942568138268,1.488319769799848,2.2788958571436857,4.1288019230104105
2023-06-23,5.101174049793631,1.46937976808282,2.245641617692276,4.146292325251617
2023-06-26,4.971699319125122,1.458945567255686,2.208206425362642,4.076012174454398
2023-06-27,4.971902661197326,1.4861651958447926,2.2610330163776546,4.018170719053713
2023-06-28,5.081367888815494,1.4869591732214698,2.2697739539399002,4.120327880192301
2023-06-29,4.955499452047182,1.4968824102334861,2.2697739539399002,4.197839034344413
2023-06-30,5.068130801362703,1.5275047144256986,2.3170910469206563,4.187255905647979
2023-07-03,5.050009089218376,1.531134156125201,2.3241224736853296,4.2350039774495905
2023-07-05,5.126352251686917,1.5267675765927655,2.318421525912432,4.2321744543976765
2023-07-06,4.790179713644281,1.5060691014911498,2.291436781942615,4.206163317538824
2023-07-07,4.769539081556178,1.4996616270911476,2.287066313161492,4.114012381973507
2023-07-10,4.6845751474366235,1.506295867587546,2.292956776837289,4.132967177394252
2023-07-11,4.799467974585386,1.523138134893263,2.311011067341962,4.267745304880158
2023-07-12,5.054643511292137,1.5420787286888715,2.3490148073802906,4.373307854598277
2023-07-13,5.432644652635081,1.563740515641236,2.4018433322310466,4.413204440908934
2023-07-14,5.281007633078081,1.5611886569585516,2.3959509347195067,4.56411579566285
2023-07-17,5.343608761811033,1.5707157934001001,2.427495663373344,4.476447964583405
2023-07-18,5.247100585253262,1.5893721894769874,2.453720409895824,4.595020924843496
2023-07-19,5.341825863687274,1.594136053737052,2.4546699232460596,4.64708850690001
2023-07-20,5.078568349226427,1.5779740847205241,2.383790975562117,4.6610600767820705
2023-07-21,5.101133425303454,1.57791724517678,2.3763785831559034,4.457870162210771
2023-07-24,5.124559878395884,1.5893159420118237,2.38265001247324,4.4375170338602015
2023-07-25,4.995855137196528,1.596290627692107,2.4033633271257204,4.411866634385916
2023-07-26,4.942183688284779,1.5965173937885035,2.3991823742474963,4.467719710856708
2023-07-27,4.937371615237489,1.579731966026531,2.3805595360341285,4.491761145505483
2023-07-28,5.031386643681448,1.6041161302928124,2.444977538497835,4.398660810016255
2023-07-31,5.241920251536149,1.6095602928420663,2.4520089652625083,4.528882163732577
2023-08-01,5.176555625540007,1.6023014094430614,2.437377564024467,4.690604918202884
2023-08-02,4.945974021411331,1.565952521218616,2.362507179365199,4.649572856500536
2023-08-03,4.647418182050749,1.5585805508107033,2.3592757398372095,4.3792716079272305
2023-08-04,4.566523968070301,1.5466714822391228,2.3431243437044946,4.3769100404662264
2023-08-07,4.523621826036752,1.5691846781904895,2.363648142454076,4.338672569432435
2023-08-08,4.438718568274679,1.5584100321794705,2.337233880028698,4.344267976342822
2023-08-09,4.38966222691654,1.5411142326809615,2.298468208707289,4.177975996956386
2023-08-10,4.484074316056996,1.5422486552415235,2.302459645682615,4.116285062082801
2023-08-11,4.352071331371111,1.5407175400319129,2.284596804916584,4.130377684778473
2023-08-14,4.344589942015646,1.5543270582871758,2.319181523359769,4.141670874693045
2023-08-15,4.264363906896716,1.5254063879358069,2.2813653653885946,4.176153979178916
2023-08-16,4.242107621655295,1.5065232257625234,2.24678064694541,4.096077888838931
2023-08-17,4.142327417584554,1.4872421867830297,2.211816896696428,4.0620897174281465
2023-08-18,4.163541466929062,1.4876963110544033,2.2066864304679688,3.96668972434545
2023-08-21,4.152792608018112,1.5044817388163758,2.2562835157907357,4.005000172932591
2023-08-22,4.247531639241729,1.4973365345048597,2.2528625603598478,4.0364787465845815
2023-08-23,4.476033402088017,1.52489601619927,2.3051186698304216,4.044777781620724
2023-08-24,4.340961026128274,1.4909853075700208,2.240890183269613,4.119721232663508
2023-08-25,4.33738626633161,1.5087914788050667,2.267114929792093,3.9849700826617784
2023-08-28,4.446516725363877,1.5239321122699403,2.2918177475841555,4.033983329298239
2023-08-29,4.675952551324185,1.5603946795818744,2.3573767131367394,4.032442154048352
2023-08-30,4.82183151437825,1.5716228577856852,2.3769490647003426,4.126258776328987
2023-08-31,5.486073628741998,1.5670863517005977,2.38265001247324,4.186354926849514
2023-09-01,5.606313092943795,1.5725305142498511,2.3830290442790365,4.271166603258051
2023-09-05,5.586607162444596,1.5614722625986919,2.381319533481465,4.32536125618234
2023-09-06,5.5579367801607535,1.543666091363646,2.345974817590943,4.326396776536506
2023-09-07,5.515984777504447,1.5366345661396181,2.3178510443679934,4.306483242831944
2023-09-08,5.372695516596759,1.5397536361025832,2.321080550060239,4.267983260125203
2023-09-11,5.36374824779704,1.5569357565136044,2.3590862239343116,4.236948777366583
2023-09-12,5.302813305402106,1.5430994721619453,2.324311989588228,4.282211461972123
2023-09-13,5.276894499973278,1.545480812213397,2.3341938902393506,4.194463390170512
2023-09-14,5.3008669356294496,1.5682207742611598,2.3615576660149635,4.125887662988967
2023-09-15,5.2018761715869895,1.5351034509300074,2.3087291411642075,4.12630477639816
2023-09-18,4.984297778422755,1.539470030462443,2.3092996227086466,4.059748210147684
2023-09-19,4.776501891751898,1.533799101816793,2.302078680041075,4.02449659322796
2023-09-20,4.639417631111886,1.509812222278141,2.252102562912511,3.99121398678795
2023-09-21,4.3997253844118696,1.4686988777150503,2.1933835743859587,3.9528689516826336
2023-09-22,4.240860181010293,1.462801775051585,2.190343584596611,3.822017777470342
2023-09-25,4.279227073923684,1.4730086177037416,2.205166435573295,3.8415667692733377
2023-09-26,4.1715716631336885,1.4368178144603352,2.15537983434763,3.840520181233355
2023-09-27,4.056981497696905,1.4374442335986832,2.1627902929180998,3.735991076678311
2023-09-28,4.160847213361671,1.4516860917781007,2.189013105604836,3.801111264828969
2023-09-29,4.258812618802256,1.4463313330945282,2.1933835743859587,3.8585051706844675
2023-10-02,4.281983768365347,1.445476371624042,2.215427368030214,3.8972770034240654
2023-10-03,4.114031611127039,1.412891326936911,2.1559483820563248,3.889348389997579
2023-10-04,4.177271037620317,1.429981675167928,2.1988950062559587,3.72854909556255
2023-10-05,4.060722985550984,1.4288425159787206,2.1949035692806325,3.778325666655138
2023-10-06,4.137106674082283,1.4573824798027193,2.2462120992367147,3.7407304672638606
2023-10-09,4.128024699260641,1.4735610270195059,2.259133989677185,3.888285892159237
2023-10-10,4.273245388776908,1.4864926152999027,2.278135859696349,3.9014768443260817
2023-10-11,4.1673519122653415,1.4970316140358149,2.3015081984966357,3.95911562273026
2023-10-12,4.1089562392294114,1.4820490655519802,2.2807968176799,3.9607961816483934
2023-10-13,3.9547988528601694,1.469003798184095,2.240319701725175,3.8421329505758663
2023-10-16,4.084347703490574,1.4946958640350747,2.2796558545910224,3.7493781344032096
2023-10-17,4.175763949594135,1.4954365543394919,2.2712939488345736,3.871860408812645
2023-10-18,4.060726282444489,1.4627378305648722,2.218277841916663,3.926942551793311
2023-10-19,3.919720117472644,1.4404064027377714,2.1873035948072643,3.817307785425241
2023-10-20,3.8629564036674875,1.410385058304938,2.1384665069318345,3.7876820115518974
2023-10-23,3.8592400905102533,1.4061694588105733,2.1470179285911812,3.6464178743125926
2023-10-24,4.022555277633652,1.424284695064729,2.1781816916034784,3.6136115242278564
2023-10-25,3.6971038039191315,1.3898198008839735,2.1014122802437405,3.7175720264241
2023-10-26,3.5232736951950026,1.360994455184092,2.0468742445954127,3.5001006467678897
2023-10-27,3.5671165255147406,1.350170666650878,2.0584656560441066,3.4691668107771596
2023-10-30,3.635870487119792,1.378084803415109,2.0939998878375263,3.4506132189672467
2023-10-31,3.6610698420819885,1.392269229972202,2.109012254717109,3.4669155743091338
2023-11-01,3.894846348996011,1.4184171963302967,2.159939819031651,3.5158738283816975
2023-11-02,4.859304635782623,1.4650161489432878,2.216376881380449,3.440974648082178
2023-11-03,5.113423022024534,1.4871196265168316,2.2608435004747562,3.5574817556116622
2023-11-06,5.0403131612808885,1.4931008043387521,2.270725401125879,3.712629958842043
2023-11-07,5.169672272310897,1.499708993377601,2.2999882036019623,3.6349624736277804
2023-11-08,5.287206410006351,1.5017599535810393,2.302459645682615,3.775171376197558
2023-11-09,4.957517533921998,1.482904027022466,2.271674914476114,3.7449313457614224
2023-11-10,5.096626854321056,1.5217550393288195,2.33932435646781,3.6131843807283923
2023-11-13,5.191550925271861,1.5188497097334754,2.332103413800238,3.7221478227786804
2023-11-14,5.5056955110729575,1.5682403128543219,2.411344267240629,3.721175249887594
2023-11-15,5.749232919500475,1.573424552906662,2.4145737729328745,3.970043924878083
2023-11-16,5.8063481499115985,1.5766146722993075,2.4172347309164257,4.0068757998132325
2023-11-17,5.850281017615211,1.579348891184838,2.4202747207057724,3.9261851070452742
2023-11-20,5.987742909767881,1.6000846672370357,2.4588508761242838,3.9967232732680804
2023-11-21,6.066479028979389,1.5941034894151151,2.438327077374702,4.074975270639505
2023-11-22,6.209227909396858,1.6039586373903547,2.4542889576045193,3.9998602704665718
2023-11-24,6.124578712462206,1.6058953264277234,2.4506784862707334,4.020303669629579
2023-11-27,6.566936230808743,1.6010533077950106,2.4482089780258245,4.046541002317296
2023-11-28,6.459008898146641,1.6032747866296817,2.4578994289383043,4.043677238612388
2023-11-29,6.455989792066545,1.6020787878967298,2.4523899309040487,4.096593919690105
2023-11-30,6.446791194140787,1.6114780353648537,2.444977538497835,4.199248434960053
2023-12-01,6.48192053966958,1.626916484355804,2.4643603741585394,4.182267146266385
2023-12-04,6.231533784571743,1.613928056531663,2.4356661193911506,4.398411441220212
2023-12-05,6.448270587959569,1.6133578848584782,2.4464994672282523,4.409719503337599
2023-12-06,6.073490683480597,1.602534688403845,2.426356634120211,4.392043717358974
2023-12-07,6.176620022164491,1.6225297741516256,2.473482277362325,4.357524988759382
2023-12-08,6.16163586916213,1.633866302735699,2.488873676047704,4.292574274547781
2023-12-11,6.264228462674582,1.6441205116743092,2.4959051028123773,4.370887835921558
2023-12-12,6.251903525575529,1.6572226185859384,2.5206079206044394,4.407941410438211
2023-12-13,6.240108843512157,1.6936247938826443,2.569065976674073,4.421945145782174
2023-12-14,6.576417011510271,1.7020554007927933,2.5759059537001043,4.570008300764362
2023-12-15,6.548331370396122,1.697498171957382,2.588448812334778,4.677617680628091
2023-12-18,6.570241992511839,1.7124807204412167,2.610680188046188,4.700999896240445
2023-12-19,6.623496046275787,1.728146527607144,2.634814458129555,4.731937536748176
2023-12-20,6.359040991217854,1.6890539472398776,2.580086906578329,4.8186455919482585
2023-12-21,6.373318706893042,1.7163369282371157,2.6251220733813314,4.678816795213226
2023-12-22,6.400507555620856,1.721541891039779,2.6321535001460044,4.795850309549338
2023-12-26,6.510485677524959,1.733267415251352,2.6521628985877195,4.810754331961402
2023-12-27,6.488039240498819,1.738472378054015,2.658474938455677,4.87341887732162
2023-12-28,6.543883590677129,1.7397305450379377,2.6577110733368525,4.87267665064158
2023-12-29,6.470390337746495,1.73189438502278,2.637432871726741,4.883425102894892
2024-01-02,6.0679018128318285,1.7162226570710462,2.5783232483799288,4.7817213710095805
2024-01-03,5.9012383438680605,1.6940303677104023,2.5364305646606984,4.573824923044997
2024-01-04,6.068367331006923,1.6857365309523877,2.516537196363615,4.390757790613219
2024-01-05,6.173962177225095,1.6889396760738085,2.519979423987685,4.373886141182167
2024-01-08,6.46293314622249,1.725946363601377,2.597452751558188,4.381386919378826
2024-01-09,6.757471417297991,1.7233720059326276,2.600896913018002,4.562292740289835
2024-01-10,6.883948229841494,1.738644080842409,2.6280595698762537,4.591438453290907
2024-01-11,6.9349557592501725,1.7371567794477683,2.628251019614896,4.64237851485491
2024-01-12,7.069604539217439,1.739502002705799,2.6288253688308223,4.658672569432436
2024-01-16,7.124512649753775,1.7300068385076064,2.6219389797469383,4.662761733476291
2024-01-17,6.98819166800471,1.7146785161326612,2.600514013540718,4.634122021236122
2024-01-18,6.758254545732604,1.7379572696888332,2.64910163660519,4.581684709300315
2024-01-19,7.0798700524032885,1.7722184888378387,2.7108896224572474,4.59696192024349
2024-01-22,7.128597461279714,1.7782239418815666,2.7227498370743386,4.682586033963961
2024-01-23,7.229287399725514,1.7868605921377885,2.7386266285314256,4.804833120049805
2024-01-24,7.209550009286518,1.788977273063681,2.7522098907962955,4.827366928371321
2024-01-25,7.144633436133221,1.8045347298493457,2.7590962798801795,4.754293570366271
2024-01-26,7.314913697765679,1.8016175586823882,2.745704467353952,4.757835575692595
2024-01-29,7.401015787263386,1.823638145254638,2.787599084908926,4.769691142392696
2024-01-30,7.2770693486393405,1.8215220564073267,2.7592877296188214,4.977206101061806
2024-01-31,7.07903912264041,1.77519249954854,2.675500428344617,4.906230761249265
2024-02-01,6.746287443163582,1.8120274842877144,2.723515636028907,4.727815515512053
2024-02-02,7.39283961720275,1.841026309011732,2.7883629500277505,4.788966208971742
2024-02-05,7.313280115167808,1.8315317368921202,2.7809022117279403,4.84680420572061
2024-02-06,7.177358700154551,1.8391961941188835,2.7835805742331856,4.748712343928337
2024-02-07,7.559086385050666,1.8622464053429173,2.8195441175617426,4.793989554871511
2024-02-08,7.86184943798184,1.8641339518580908,2.8287259696735876,4.858868674990489
2024-02-09,8.100092071517553,1.880721033295539,2.8769326270965196,4.97579358765953
2024-02-12,7.861908069401823,1.8791763002785729,2.8654553119567128,5.128806765122955
2024-02-13,6.667619124296696,1.8405117927251302,2.7958236883275602,5.079756510912047
2024-02-14,6.968255835063479,1.8658497955848699,2.8459429093011694,4.871902950230001
2024-02-15,7.314642702592728,1.8847246686580243,2.8574202244409763,5.051098813682427
2024-02-16,6.9855573543782805,1.8709973267652082,2.8258561574297003,5.067990177428839
2024-02-20,6.714245323731326,1.8550396248590113,2.790849862794354,4.935404143464877
2024-02-21,6.488126507530824,1.8576133904491803,2.7789896481772627,4.820776813198215
2024-02-22,6.526816488255353,1.9173268836239945,2.8908968550029295,4.641501400753986
2024-02-23,6.402300493027531,1.9189858878070298,2.8799919552433053,4.755655933317193
2024-02-26,6.361074192144553,1.9080040142927768,2.875020063545842,4.7991374122367105
2024-02-27,6.22154189040161,1.9131515454731152,2.889365257093793,4.8328986960882645
2024-02-28,6.10598168870936,1.9094907236088372,2.868323190364857,4.885479887939681
2024-02-29,6.1919637265674154,1.9196146752597003,2.903903834216129,4.847763635734791
2024-03-01,6.217228237982227,1.9478698492863975,2.948474880440605,4.919483277418462
2024-03-04,6.019481958206791,1.9443813222890944,2.9322151895062336,4.925938851035866
2024-03-05,5.827975034982076,1.914638846867756,2.86736787550739,4.9052779026735385
2024-03-06,5.805706126446359,1.9304248459855589,2.8895567068324346,4.632589146750597
2024-03-07,5.908795173418952,1.9595379418756456,2.948666330179247,4.720810707986027
2024-03-08,5.954474199425893,1.941578422288206,2.9031399690973045,4.805658700238647
2024-03-11,5.8932146843332625,1.9401485525158901,2.8872612438044736,4.815111195655934
2024-03-12,6.01401873592846,1.9708057893443618,2.947136666105854,4.816646837062913
2024-03-13,6.244058643622438,1.9660585032845561,2.925903149638276,4.836515754159029
2024-03-14,6.26436868439092,1.9595953734979705,2.9146172842371114,4.8300947670598
2024-03-15,6.037849578682548,1.9355155376221531,2.8765497276192353,4.710760903399855
2024-03-18,6.064193557943514,1.9562205255881562,2.9083033105334097,4.607562342199011
2024-03-19,6.107206232933424,1.9733227153907866,2.923607686610315,4.686449002178951
2024-03-20,6.363164613210939,2.000948509886232,2.973152558367997,4.705024383495314
2024-03-21,6.2054813212079045,2.010217500066609,2.9809961961450915,4.782647252101131
2024-03-22,6.172130747556023,2.006200838975349,2.987308236013049,4.804570608376855
2024-03-25,6.077779039445584,1.9967909340927728,2.976594785992067,4.745607512191747
2024-03-26,6.089756272889909,1.990478784344258,2.9597626796775134,4.726661017535364
2024-03-27,6.080755357354854,2.016529057736543,2.980038947451881,4.728147891951718
2024-03-28,5.9185867105907946,2.016586489358868,2.9752565716573165,4.76663438591637
2024-04-01,6.067302161197071,2.0117089460113147,2.9794645982359547,4.77468612734756
2024-04-02,6.043130096510814,1.9920282539898695,2.941779941095363,4.697247604883617
2024-04-03,5.776626590203243,1.9953563276918111,2.9511532429458507,4.609732646214506
2024-04-04,5.679525983728327,1.9585189746383138,2.895679230797494,4.603865735136444
2024-04-05,5.760121561916803,1.9893887676772457,2.9442668538619667,4.545569467021755
2024-04-08,5.6198133959549805,1.9901922183112144,2.945607002032461,4.589537924117179
2024-04-09,5.70946779698316,1.9939217212908495,2.958422531507019,4.631352332860651
2024-04-10,5.451274871922629,1.9648879639305727,2.9253288004223497,4.685601286618476
2024-04-11,5.440483801320789,1.9870938710985722,2.991324812853046,4.543743990592467
2024-04-12,5.276764199840339,1.9453215430751967,2.926477498854202,4.603212741673296
2024-04-15,5.169627123690802,1.9088287797556491,2.8560820101062254,4.470518451907447
2024-04-16,5.167618165872931,1.903262649018778,2.8512996343116606,4.293558606855048
2024-04-17,5.251500592126143,1.8863937381769307,2.807301003467367,4.28826479438315
2024-04-18,5.217122156681384,1.8797375907730474,2.787407635170284,4.269367412582576
2024-04-19,5.2313103229769675,1.8547773340477747,2.709742857861139,4.246350776467334
2024-04-22,5.285660713429554,1.881114765551684,2.750869742625801,4.186864040397054
2024-04-23,5.59363080440018,1.9158289248149014,2.8103622654498968,4.268342268183861
2024-04-24,5.416781769271727,1.9146814765255642,2.814187392551251,4.403415072804621
2024-04-25,5.297167483289407,1.9023449272187403,2.789703098198245,4.40953031508318
2024-04-26,5.368154170677053,1.9307475288120237,2.8666020765528217,4.350444782623733
2024-04-29,5.567821030509269,1.9411906108178676,2.8799919552433053,4.432493342095251
2024-04-30,5.426477226529444,1.8944264682808702,2.8009889635994094,4.4329550721128905
2024-05-01,5.3954739237800124,1.885360561053663,2.7883629500277505,4.2974243419914915
2024-05-02,5.57007523886255,1.9117548321013165,2.845560009823885,4.327775049285789
2024-05-03,5.95889297757796,1.9483630507440948,2.9222694722755636,4.3495939542766235
2024-05-06,6.247174252313377,1.9790605489160522,2.9691359815280007,4.331322588455021
2024-05-07,6.267634555002979,1.9829049151403377,2.965308920590903,4.414071179054405
2024-05-08,5.110251118961526,1.982617757028713,2.958231081768376,4.394424653270155
2024-05-09,5.0712924063776255,1.9989709674267968,2.9691359815280007,4.294726593573825
2024-05-10,4.830684812447484,2.0031599233850317,2.9687530820507164,4.316207588282087
2024-05-13,4.761742779039346,2.004192508429719,2.9802303971905233,4.298355411060769
2024-05-14,4.705778634809544,2.0179062325151795,3.0100714165540206,4.364778473351088
2024-05-15,4.796344729300623,2.0553173097133453,3.067268476350156,4.412586033963961
2024-05-16,4.817545452685099,2.048144869787118,3.0569379258064577,4.513045342925327
2024-05-17,4.857718444694357,2.0533089791677153,3.053878597659671,4.494254141735551
2024-05-20,4.94271066292993,2.0568667793589563,3.0802754555633554,4.507776432746516
2024-05-21,4.77471225556285,2.0643257853182275,3.089840207152484,4.555602670079203
2024-05-22,4.8244340928389775,2.055603875746389,3.0823814026884184,4.493038079756511
2024-05-23,4.753068189620686,2.0332836974123207,3.0665026773955875,4.447657455123993
2024-05-24,4.627962980643284,2.0534238424123648,3.1114566230973475,4.357448206689033
2024-05-28,4.727388154460577,2.055776170613364,3.135368502070171,4.32006294746308
2024-05-29,4.781991980707631,2.0339148531793136,3.1112651733587047,4.271924393871269
2024-05-30,4.750912416923333,2.014234161157869,3.0668855768728713,4.248086673814547
2024-05-31,4.857519540140882,2.040857566616241,3.0666941271342294,4.06794901947221
2024-06-03,4.855380003782942,2.0427510339172215,3.0892677917723024,4.050061909867534
2024-06-04,4.817858549130329,2.0472265559085,3.09653708033347,4.010976031542905
2024-06-05,4.770215029717568,2.0837199113066287,3.1770697360507594,3.9905226022896274
2024-06-06,4.778609031148869,2.0836050480619788,3.173627508426689,4.054181855912565
2024-06-07,4.790651574285262,2.0797032502153687,3.164445656314843,4.096463874381766
2024-06-10,4.886209189100673,2.0888840206872255,3.1791756831758224,4.051333656140836
2024-06-11,4.943661088946916,2.0965449254425046,3.215903091623203,4.081760107909936
2024-06-12,5.088354901076515,2.1223275793163268,3.2801779902418646,4.083571403866773
2024-06-13,5.039289409353898,2.1288884020687227,3.294716567364201,4.128212568740705
2024-06-14,5.325701030552254,2.1299819712072185,3.3004542580162326,4.002753086846747
2024-06-17,5.189107897269558,2.155592330214066,3.3415830766166383,4.009362570470031
2024-06-18,5.046667746493885,2.1632467221049576,3.342921290951389,3.9858070764016187
2024-06-20,5.024812135124892,2.153463215637979,3.308680795270611,3.9372621312212503
2024-06-21,5.149682150487451,2.1481108252687293,3.3010286072321584,3.944003389478782
2024-06-24,5.094990787309071,2.140053819942983,3.254544997457006,4.0204696849168196
2024-06-25,5.194431043198818,2.1519664409860475,3.308106446054685,4.006586656521288
2024-06-26,5.318794930771879,2.1568007625972117,3.3295314122609057,4.019582886590807
2024-06-27,5.342587839474187,2.1614047656404956,3.342538391474105,4.055577421920935
2024-06-28,5.3050422923300085,2.1493766892742,3.3121230228946814,4.180792377131394
2024-07-01,5.105268106080476,2.1561678305944763,3.3477036667459537,4.238988344343375
2024-07-02,5.212594316373176,2.1763109359874244,3.3842415592904365,4.239922526199288
2024-07-03,5.251769351083874,2.1902384004405064,3.423072981027137,4.240370767474839
2024-07-05,5.4309099910245875,2.209978300320018,3.4634360006729743,4.2442676304776406
2024-07-08,5.4609357504909495,2.2137190527926864,3.4758705645059917,4.281790544045931
2024-07-09,5.408979367560109,2.2167120100179694,3.481991154635307,4.236409919413413
2024-07-10,5.336129353088496,2.2473289855029557,3.5351716375914455,4.12991699235638
2024-07-11,5.309128025087026,2.219761806786997,3.4466019605226768,4.07826894476533
2024-07-12,5.342742943104501,2.240365549315705,3.4743389665968545,4.1705959257081595
2024-07-15,5.215340020702892,2.2494006684567176,3.4925131549176474,4.236276415453257
2024-07-16,5.546179484238842,2.2686805232790497,3.5015035572908504,4.2957683395012625
2024-07-17,5.095015039403445,2.2230425142024846,3.3767808209906267,4.406659634074638
2024-07-18,4.9129215245426305,2.197547018440287,3.346365452411203,4.353138726524401
2024-07-19,4.921337341326962,2.176713549422279,3.311167708037215,4.23212603327223
2024-07-22,4.925227012518899,2.2096905501298134,3.3794591834958716,4.237704838653893
2024-07-23,4.952951920833096,2.2043381597605634,3.3769722707292686,4.285803617749801
2024-07-24,4.657785390064023,2.1319962225386555,3.2178156551738804,4.341689205547678
2024-07-25,4.662294837480007,2.1154790063737257,3.1786013339598957,4.149422405146474
2024-07-26,4.686240308574286,2.150297371467141,3.2214512663723367,4.2687119980631545
2024-07-29,4.653841608186613,2.152484509744133,3.2245105945191224,4.317347905786325
2024-07-30,4.60042189062644,2.1355072485220234,3.1703747967055174,4.273307508733096
2024-07-31,4.841003532537581,2.184425372935496,3.2805608897191485,4.255819873413343
2024-08-01,4.569188328724969,2.1425855479539244,3.182043561583966,4.236680385985543
2024-08-02,4.6917640234537075,2.0834232799377133,3.0804669053019973,4.086314114758068
2024-08-05,4.581548018892203,1.9937008759802604,2.94025027702197,3.9289506450385643
2024-08-06,4.750653873777971,2.022131305266835,2.9809961961450915,3.7821533566215892
2024-08-07,5.621937364212905,2.0012398125479214,2.9392930283287595,3.801483761629717
2024-08-08,5.9327272327247105,2.0707616794901016,3.0525384494891767,3.7974727631169367
2024-08-09,5.995172931401931,2.083883324994893,3.0733890664794714,3.9327091619686643
2024-08-12,5.961958120179666,2.0853800996468252,3.0827623683299583,3.93553695569467
2024-08-13,6.0609544794742565,2.1367156809051697,3.182043561583966,3.918122989658631
2024-08-14,6.1349719417175965,2.1469598245079085,3.1831922600158187,4.051768062809117
2024-08-15,6.515170528975712,2.200827725855776,3.2820905537925418,4.045603707674748
2024-08-16,6.422176687846218,2.2080789122332316,3.2916553053816715,4.157709334901256
2024-08-19,6.52394624614655,2.2378906608485076,3.351339277944409,4.1735807422266795
2024-08-20,6.483983060444904,2.233056339237344,3.3368007008220735,4.265536609829489
2024-08-21,6.573483131989019,2.2456599159840493,3.3616678946523644,4.234335420053263
2024-08-22,6.415774930426661,2.2182081925913204,3.288785493137784,4.272141943070591
2024-08-23,6.534626860917155,2.2529691260624114,3.351911693324592,4.169850240376301
2024-08-26,6.434781436394415,2.243761119975843,3.3148013853999263,4.274796112475357
2024-08-27,6.465525110119824,2.249688418646923,3.322070673961095,4.297300176391243
2024-08-28,6.287826934641714,2.230696906093377,3.2738640165381634,4.280567910628437
2024-08-29,6.335764006470572,2.2312149748514623,3.2642992649490337,4.199281638017501
2024-08-30,6.467168623895079,2.2617170870917986,3.3125059223719653,4.274371044166984
2024-09-03,6.174225222628991,2.1955901987311757,3.1719063946146537,4.266106595649016
2024-09-04,6.125998487721381,2.18891451273413,3.159471830781637,4.1236851935115695
2024-09-05,6.238490793843345,2.1800516884600922,3.1701833469668754,4.109907308131291
2024-09-06,5.963339647015651,2.127161900927491,3.0642072143676264,4.099905924670564
2024-09-09,6.091674234557666,2.1622680162111116,3.1118395225746314,3.994284232006364
2024-09-10,6.075674767806467,2.1739515028434573,3.146273401829795,4.0290153218275515
2024-09-11,6.367199903495045,2.208194367556462,3.236179359397571,4.002874485525542
2024-09-12,6.488948411674637,2.235358340758985,3.2786463923327283,4.056972296198942
2024-09-13,6.502715865434062,2.2519329885462396,3.306957747622832,4.092135371632137
2024-09-16,6.570143441228926,2.2573428105378146,3.2847689162977876,4.152151973160862
2024-09-17,6.562159129703878,2.258551834999541,3.2935678689323487,4.177793726005603
2024-09-18,6.679285156561408,2.2488251680763067,3.2803694399805066,4.189129803202712
2024-09-19,6.916374317276456,2.304535025888636,3.3880666863917908,4.171784664337841
2024-09-20,6.9341040878176905,2.29762902132371,3.372189894934704,4.290306782416214
2024-09-23,7.051792688674784,2.306779595787953,3.378501934802662,4.285835437346522
2024-09-24,7.067440498898652,2.3163908073879567,3.4027967132527692,4.278601321204994
2024-09-25,7.047951100237036,2.3085599760800255,3.4045178270648044,4.292446650295714
2024-09-26,7.087362691762193,2.322714798708084,3.4309166188042317,4.247481063881299
2024-09-27,6.839069236536223,2.316705793192872,3.4136996791766503,4.286214505585723
2024-09-30,6.937366237568349,2.3325942219051314,3.4309166188042317,4.303682080724934
2024-10-01,6.876091253545613,2.301106890906561,3.363008042822859,4.3077141770138
2024-10-02,6.744195732652822,2.302435515241583,3.367024619662855,4.177280807941065
2024-10-03,6.658041563711585,2.2961381674575847,3.36530350585082,4.195590910663023
2024-10-04,6.974866373991472,2.326065371396092,3.418864954448499,4.179896586310656
2024-10-07,6.8565005494145295,2.296253622780815,3.3666417201855703,4.321937882613358
2024-10-08,7.067873629281388,2.327510043132925,3.429767920372379,4.2210908587832465
2024-10-09,7.196105298952091,2.3501002092997783,3.4561667121118065,4.263262546259468
2024-10-10,7.15277907911457,2.344207251186377,3.4538712490838455,4.3662556635423515
2024-10-11,7.203609887822518,2.3645439662752037,3.468792725683466,4.4535790129007715
2024-10-14,7.124101223401354,2.3922763349151697,3.5076241474201657,4.500510151143084
2024-10-15,6.916393702946512,2.365352745616398,3.461906336599582,4.515532805312489
2024-10-16,6.889805219039677,2.3803169396642323,3.4743389665968545,4.509188254418428
2024-10-17,6.937891958608638,2.381298605950982,3.4758705645059917,4.498147546086535
2024-10-18,6.981747025443956,2.394067372621694,3.5039904700574542,4.511041054197074
2024-10-21,7.0463177730349695,2.3890406254718126,3.516042134413187,4.5461678137861865
2024-10-22,6.889934551070445,2.3863827847231884,3.5240752880931794,4.533901013384983
2024-10-23,6.698446327474388,2.355531346120257,3.4517672357945264,4.479186179227337
2024-10-24,6.713019097571452,2.362694904867774,3.4856267658337634,4.391940649534812
2024-10-25,6.661475032991965,2.3619441492274853,3.510876859141338,4.455034067720402
2024-10-28,6.68934717790591,2.3720550751495733,3.522545624019787,4.46123370110331
2024-10-29,6.696911822948288,2.3772547092450114,3.5581262678710592,4.486646837062913
2024-10-30,6.6597142310216935,2.366393027682634,3.5326847248248425,4.5500560301594435
2024-10-31,6.628456799937053,2.300355543187692,3.407770538785976,4.533195102549026
2024-11-01,6.7396850528976024,2.314683844839887,3.443159732898607,4.505921903641961
2024-11-04,6.699990226607816,2.308039539007617,3.428429706037628,4.592062048213607
2024-11-05,6.780440996484525,2.348020237245887,3.4917473559630787,4.574555390308857
2024-11-06,6.835641742614885,2.4311587273862987,3.6246966295176817,4.660208210839415
2024-11-07,6.6101933227547045,2.457908837660934,3.6943263193110907,4.938173140109985
2024-11-08,6.791987022035371,2.4730459186543237,3.6993001448442966,5.070153218275516
2024-11-11,7.028795433968154,2.4757037594029483,3.7021699570881843,5.089470480406738
2024-11-12,8.864912087492241,2.465072988487032,3.697961930509546,5.217333379448691
2024-11-13,9.54121506965839,2.4676728055347508,3.6857188164151706,5.26152180679971
2024-11-14,8.887747730055409,2.444736273398205,3.65587586321593,5.300545775256805
2024-11-15,8.832054051326406,2.4010000207227504,3.552003743906,5.197680973956352
2024-11-18,8.583251542648185,2.4151554354293903,3.5797426838159216,5.041994258637983
2024-11-19,8.436038278686494,2.4270568069794223,3.6273730581871835,5.016241828935081
2024-11-20,8.37329912540047,2.4286169340394856,3.622209716751078,5.124437104416698
2024-11-21,8.697759328424539,2.446180353056458,3.6248880792563245,5.173409193096531
2024-11-22,8.69514361354453,2.4575624716912428,3.632538333459032,5.421888769757548
2024-11-25,9.160299256197934,2.467788260857981,3.6449728972920497,5.56902293086155
2024-11-26,9.345208822387095,2.488241023348619,3.674050051536722,5.651106768581607
2024-11-27,9.26102166844808,2.4770323837379697,3.646311111626801,5.6213381523882
2024-11-29,9.560895195448419,2.495809563845313,3.684953017460603,5.532449071351987
2024-12-02,9.300398254310938,2.5052845973717632,3.730289862639647,5.5495735482309
2024-12-03,9.172069993342982,2.5067292691085963,3.7490364663406215,5.5915290699685265
2024-12-04,9.345963661480008,2.5283371769101195,3.811015901931322,5.594359976481168
2024-12-05,9.443269457005634,2.5227325610655047,3.8027893646769426,5.802680109293397
2024-12-06,9.750776229576301,2.529087932550408,3.8420036858909272,5.709318991457129
2024-12-09,9.408917300624733,2.5108886211377976,3.8123541162660723,5.89008473696953
2024-12-10,9.335313721605296,2.5007202635933843,3.8004939016489816,5.83054266247017
2024-12-11,9.688888544544534,2.527701284514481,3.885427967519294,5.664256216926642
2024-12-12,9.445449430722158,2.5089821281080424,3.853291485127836,5.75338913291599
2024-12-13,9.30208420188241,2.5083468277909846,3.8596035249957934,5.742585688098779
2024-12-16,9.376407587221728,2.5233104297602376,3.9202428124159985,5.632404454743541
2024-12-17,9.816812402929793,2.5079708578922597,3.9043660209589115,5.758959983398472
2024-12-18,8.930877623778466,2.4048272166681963,3.7293326139464362,5.729328675682218
2024-12-19,8.62773508183486,2.4023345658435784,3.7245502381518714,5.4027461695431125
2024-12-20,8.827783845079745,2.4400203675031746,3.772948345313446,5.3705053090305395
2024-12-23,8.922652866897375,2.465008451921739,3.820197754043167,5.468086327949365
2024-12-24,8.96706453794293,2.5039701829226777,3.885045068042011,5.429653097222703
2024-12-26,8.918939923789846,2.502288679753577,3.8821984618270493,5.477970463113478
2024-12-27,8.787792780614296,2.464370783290358,3.8098517328135184,5.489750285338775
2024-12-30,8.678822685950973,2.4263954552048146,3.752322053269439,5.350744993601494
2024-12-31,8.655679774081346,2.413060069332402,3.709605555523325,5.269245668038598
2025-01-02,8.825214899181477,2.4059290749068216,3.7022956564115352,5.2314218517621836
2025-01-03,9.002100840453348,2.4474414804332834,3.7856091679284942,5.240300210977761
2025-01-06,9.401344256005002,2.4688350557886043,3.845063014037713,5.384929962300696
2025-01-07,8.664687795300882,2.429815893165341,3.7534765532085235,5.428857607304672
2025-01-08,8.728521273454648,2.4334104022285836,3.7511675533303555,5.258249922180334
2025-01-10,8.423580642806478,2.382041664569722,3.673626541508817,5.250694497284958
2025-01-13,8.231230063438277,2.3869701266752124,3.6559242091095268,5.115164804759106
2025-01-14,8.152035673846735,2.3916664939770804,3.6453422599191265,5.063564486563138
2025-01-15,8.374927214756722,2.453355161297007,3.759249052903944,5.150249368796044
2025-01-16,8.276370704496093,2.4474995041341883,3.7171107720452436,5.2863552727146965
2025-01-17,8.19370460251713,2.480198819987389,3.788301067283947,5.3232307266627465
2025-01-21,8.476313515756031,2.511739438058219,3.8192791820648333,5.326342821568153
2025-01-22,8.42902907053587,2.532611392183971,3.880850578313579,5.441331926814928
2025-01-23,8.383975831289483,2.552324056448772,3.891625911078364,5.45484211254453
2025-01-24,8.55137246917167,2.541830055684991,3.867381412357597,5.5113270847023825
2025-01-27,8.589266390053194,2.4924323476211763,3.718265271984328,5.5423629509217305
2025-01-28,9.65570606037888,2.522117391420189,3.8137000659437987,5.584373465223257
2025-01-29,9.535891986065941,2.507159118158162,3.7888792841713608,5.907094732473282
2025-01-30,9.760935217505434,2.524726089646618,3.8008091168752305,5.77789575623422
2025-01-31,9.548941614939226,2.5057097097926833,3.787916233970919,5.750019022584997
2025-02-03,9.312690896966691,2.4826340391896813,3.7303865544268398,5.750329263653028
2025-02-04,9.937700902325657,2.50588318881682,3.7944584002923962,5.7060917234462005
2025-02-05,10.15335502719777,2.5202618171483717,3.803694399805069,5.7764133780652305
2025-02-06,9.887176353761065,2.5331910371144457,3.8281303482644784,5.847665064157991
2025-02-07,9.756206487224244,2.5007232239862875,3.7627106188854524,5.792567357244146
2025-02-10,10.019993195829716,2.523624823486573,3.8098517328135184,5.68837339605022
2025-02-11,10.517958824863952,2.526407592815718,3.792727617301641,5.836789679382977
2025-02-12,10.119533866982202,2.5146962784900815,3.7942669505537534,5.729495036834642
2025-02-13,10.760931752863813,2.552149985346055,3.8662269124185125,5.764917857019334
2025-02-14,10.889668800020258,2.5522080090469608,3.8864316282703575,5.809415487842839
2025-02-18,10.980942738399293,2.562643986109837,3.889893194251867,5.721255836474943
2025-02-19,10.851754841423482,2.5705867202695143,3.893741527382147,5.805012969944316
2025-02-20,10.519967179449702,2.556730305246112,3.871807962375292,5.64047176010791
2025-02-21,10.15269436528167,2.4953311643521325,3.7650196187636213,5.536511257911666
2025-02-24,10.13226282853659,2.478691387921005,3.707489939219543,5.291500709023623
2025-02-25,9.641740006221138,2.4617620850639295,3.643802926667014,5.20383737419154
2025-02-26,9.899528417834684,2.46292137492488,3.655732759370885,5.100201639400961
2025-02-27,9.612540401480727,2.4078420808009637,3.5262411841263024,5.135182789748556
2025-02-28,9.702936160722441,2.4615299902603076,3.6005101458692303,5.012132258845503
2025-03-03,9.16560406436213,2.4021024710399566,3.4792915199368792,5.08134610728738
2025-03-04,8.706466452724074,2.361053663042159,3.4633219043640873,4.900829730571023
2025-03-05,9.12245707752425,2.397869701266752,3.5287416337431132,4.902384394562999
2025-03-06,8.796471167934428,2.336876726279112,3.4107950578893727,5.0066886867499045
2025-03-07,8.483904539522806,2.3540961476407145,3.4423494557219296,4.729046103828728
2025-03-10,7.921622071123181,2.2667231114913573,3.2649490337589704,4.691876664476187
2025-03-11,7.943361347829846,2.238893641964161,3.257252367498409,4.397752568048975
2025-03-12,8.242952573664653,2.255359347292573,3.309202930921453,4.427911666032581
2025-03-13,7.748975916544072,2.2123395096997274,3.224926369204052,4.524755646249092
2025-03-14,8.070860795678863,2.2790146628260506,3.335754495684646,4.325687407048733
2025-03-17,8.317998169871407,2.302495907256811,3.349030278066241,4.555171376197558
2025-03-18,7.973928464011168,2.2680925892484445,3.274761316323314,4.629842285477121
2025-03-19,8.714466786472403,2.3034527062431724,3.3349848290585893,4.577291529761699
2025-03-20,8.772962349258545,2.2960671180279046,3.3209393800509366,4.670332722304845
2025-03-21,9.051075420141245,2.2951363704990926,3.3434511619452065,4.6360294677134855
2025-03-24,9.521961744774798,2.3541091733694897,3.4423494557219296,4.670333759900391
2025-03-25,9.684712123241361,2.3613206904820405,3.4625522377380307,4.823542005326324
2025-03-26,9.042021266305587,2.323284970381269,3.371543993796255,4.865831286964342
2025-03-27,8.94164234762794,2.3128164289964563,3.3484539950145713,4.734136201708575
2025-03-28,8.424609096118719,2.24593464044548,3.2308922524738595,4.640383218621381
2025-03-31,8.187409517282253,2.267917926067147,3.22531120251708,4.476217272507177
2025-04-01,8.314507338472641,2.2788518412163663,3.2622552005677736,4.3873517103033235
2025-04-02,8.586654078664807,2.298742129055368,3.299388714521366,4.4617314010998514
2025-04-03,7.0265735115268715,2.140958516014245,3.042907947484756,4.524068066267769
2025-04-04,6.5389814149944545,1.9521766288821851,2.8077825285675884,4.122060664752879
2025-04-07,6.647120621046735,1.9450231354705396,2.8114394119592268,3.8175678760419185
2025-04-08,6.57263173632852,1.900938740589651,2.72966523369438,3.7968865216338674
2025-04-09,7.8797374642885405,2.1769006462537708,3.1833663052327665,3.7129896586310656
2025-04-10,7.270798244563087,2.065294425876202,3.0030786665042246,4.292985162383703
2025-04-11,7.21178051965822,2.122987746933773,3.085431061656485,4.053994396984056
2025-04-14,7.15549788092761,2.1493914912387173,3.110058459854536,4.0825158233320655
2025-04-15,7.375813689962916,2.141656576660854,3.1087125101768107,4.087164943105178
2025-04-16,7.345943145715719,2.071575787538522,2.9826844347494808,4.139722961989417
2025-04-17,7.358822492236367,2.074658148629486,2.9776816016801164,4.056825995227061
2025-04-21,7.162701679922318,2.003181238213936,2.876089474712197,4.0245744128938545
2025-04-22,7.530121899248389,2.0787873046510734,2.9811451014973684,3.8455483692456687
2025-04-23,7.958240375150437,2.1280470584055915,3.0806196783257622,3.9704596548265485
2025-04-24,8.353151946594721,2.194173354687634,3.1924089211710527,4.134335765918445
2025-04-25,8.531203796934046,2.2172620510194117,3.245513984533181,4.383194410818663
2025-04-28,8.674469020569466,2.218658172312629,3.241282751925617,4.442500605264068
2025-04-29,8.777065582813975,2.2391298813178486,3.2647556501845845,4.445548369245667
2025-04-30,8.526103239232393,2.245003892916668,3.261292150367332,4.513084079825684
2025-05-01,8.692923420459298,2.263323988359735,3.3257488295459154,4.492522048905337
2025-05-02,8.788067840364132,2.311188212899616,3.3909771091862995,4.511614844533601
2025-05-05,8.64691413754471,2.292752070054738,3.358651110891943,4.569651713761975
2025-05-06,8.187439557035098,2.2658243362059016,3.3209393800509366,4.561627295680144
2025-05-07,8.276582138825,2.2787938175154605,3.3326758291804213,4.504795766610175
2025-05-08,8.373201143666956,2.2994982134028827,3.3790472764824298,4.57600664061149
2025-05-09,8.267478830419545,2.2969392497772305,3.3792387262210717,4.747921696122852
2025-05-12,9.391809179658004,2.406393264514066,3.5704950812887857,4.761698543907585
2025-05-13,9.553994873265196,2.4309941295408724,3.644379209718685,5.012711928890119
2025-05-14,9.989851213766334,2.432971672000308,3.677859707952126,5.1071915747241725
2025-05-15,10.031497377489607,2.4498376224492513,3.6705478750045923,5.0998409020163935
2025-05-16,9.994967192611249,2.4722868739139057,3.6951752732026444,5.063648185937122
2025-05-19,9.806586730166522,2.476648716817696,3.6965231567161148,5.096095873828382
2025-05-20,9.591148941587774,2.4637372592090423,3.6788208243168237,5.0214688894269015
2025-05-21,9.360040392186429,2.406160577631863,3.612824811886128,5.024882924635977
2025-05-22,9.412315796709413,2.4066839750971747,3.625715760954696,4.850633970878152
2025-05-23,9.130868751699222,2.3848167368773185,3.5797291469657146,4.924762909417908
2025-05-27,9.63392814222587,2.4542574890539472,3.6928662733244764,4.8624950714211606
2025-05-28,9.71741322952639,2.43390241952912,3.669008541752481,4.977330958392419
2025-05-29,9.780339674977432,2.447511345705802,3.687287157203441,4.933084425690866
2025-05-30,9.766345456564606,2.4438469713700397,3.6724720415697334,4.932021581987341
2025-06-02,9.735702245280141,2.463853898689434,3.7040264394022904,4.964116141528033
2025-06-03,9.559932777805779,2.4832788127640297,3.7421230035563235,4.976925950264587
2025-06-04,9.357653997751967,2.4823480652352177,3.757324886338804,5.06221664994985
2025-06-05,9.494725472964436,2.4661221517319776,3.7178804386713002,5.0717106491889465
2025-06-06,9.861338064713435,2.501132942364111,3.774640451589323,5.0822522740635705
2025-06-09,9.455321382846838,2.5044479903372774,3.7900337841104452,5.098870058451215
2025-06-10,9.59166149525089,2.524570965058482,3.8208185153169456,5.076428596133227
2025-06-11,9.917359742810488,2.514567797438076,3.7967674001705642,5.034658112267838
2025-06-12,9.476610258006911,2.5273626155663376,3.808120949822764,4.96585653512261
2025-06-13,9.23713512076271,2.488280100534943,3.7461647202609907,4.923699373984021
2025-06-16,9.525494017841696,2.5223329080235533,3.817933232387107,4.774647390447204
2025-06-17,9.311203278938429,2.4931629725897215,3.7740641685376524,4.8790270812437315
2025-06-18,9.201380509426658,2.492346496226979,3.7802215015461016,4.848309756856778
2025-06-20,9.21902829352986,2.4809116825985145,3.756555219712748,4.823742952996922
2025-06-23,9.604103474448365,2.51749088939084,3.801770233239929,4.770886106595649
2025-06-24,9.935070293564488,2.555878304168529,3.8708449121748494,4.770886106595649
2025-06-25,9.93220790004484,2.5585035805952168,3.8858534113829437,4.770886106595649
2025-06-26,9.812990721283425,2.586507121225129,3.9333793586240366,4.770886106595649
2025-06-27,9.895237380883925,2.602258779785253,3.958969807022531,4.770886106595649
2025-06-30,10.0637897307719,2.622327875355617,3.9828275385945267,4.770886106595649
2025-07-01,9.749058597874862,2.620986225291821,3.9426134243009665,4.770886106595649
2025-07-02,9.859301370164157,2.6370291865136344,3.9893697049160037,4.770886106595649
2025-07-03,10.062202174111441,2.6647408324032766,4.040743985287377,4.770886106595649
2025-07-07,10.062756737858567,2.639421183979538,3.9947573712983964,4.770886106595649
2025-07-08,9.626062110548833,2.636504604891161,3.9968729876021785,4.770886106595649
2025-07-09,9.750275388708394,2.6580900137066195,4.0442074851046295,4.770886106595649
2025-07-10,9.723721368396863,2.66870775889376,4.048823551025222,4.770886106595649
2025-07-11,9.432610772146708,2.6546482609171886,4.037856768521795,4.959162660394978
2025-07-14,9.806855281084859,2.6622321954569808,4.051325934477777,4.776330716286791
2025-07-15,9.674180970857398,2.6461886421565866,4.06056193399045,4.859158510012797
2025-07-16,10.11728648942581,2.65937364006951,4.0732594994846325,4.825645211496559
2025-07-17,10.640669815563724,2.680843001483157,4.11135799747441,4.874480683429599
2025-07-18,10.780907156064787,2.6793260961594823,4.113666997352579,4.955892505101511
2025-07-21,10.909150819185621,2.6855097648559916,4.133100112742623,5.003322380935912
2025-07-22,10.432719143930921,2.6855683806354778,4.113282164039551,5.003395704354443
2025-07-23,10.26417702570033,2.718180068858739,4.144451728559079,5.019445578113651
2025-07-24,10.272010700943422,2.719638950481508,4.153687728071754,5.058798118493411
2025-07-25,10.480616387923014,2.7341069826787407,4.166002394088651,5.033023899284059
2025-07-28,10.752084170539131,2.7332905063159982,4.183126509600528,5.073118666343859
2025-07-29,10.70127786752005,2.7244229454133153,4.1636933942104815,5.0988883893058485
2025-07-30,10.521727627590638,2.719230416260846,4.171390060471044,5.0569750631203965
2025-07-31,10.467174916603929,2.7040039314017754,4.169657343644545,5.012981703731885
2025-08-01,10.327045228871912,2.644205178911345,4.054211217407616,4.828712689793519
2025-08-04,10.9306576422508,2.699745110171022,4.152918061445697,4.6600460000691735
2025-08-05,11.188660964990342,2.6819513725861697,4.119439497048,4.781346799017743
2025-08-06,14.270219734000948,2.709195868475664,4.181393792774029,4.733774426728461
2025-08-07,13.791527089819992,2.707153789450936,4.199289508747706,4.866580776813199
2025-08-08,13.714650542836363,2.7352153537817534,4.250277021970308,4.716451077370041
2025-08-11,13.385040227557612,2.72780667450184,4.234883689449186,4.573592847508041
2025-08-12,13.563875353097247,2.7672444366816364,4.307806701514386,4.41546190295023
2025-08-13,13.520679303635443,2.781070655697424,4.315503367774948,4.484615224985301
2025-08-14,12.816580496087614,2.7811872951778156,4.314927084723277,4.633424065299346
2025-08-15,12.517692830642524,2.7726696527163086,4.2939546360811205,4.529533082004634
2025-08-18,12.632330005143068,2.77091946843185,4.29587880264626,4.6149081727942445
2025-08-19,12.287443233496202,2.7509676044204587,4.218914073876393,4.710708331892228
2025-08-20,12.07286967286214,2.7409330566352765,4.184281009539612,4.646624701691281
2025-08-21,11.993258886871578,2.726173129697773,4.167541727340763,4.613712516860928
2025-08-22,12.483452833333558,2.7833460136829364,4.264900687865374,4.622772455296925
2025-08-25,12.343758009352225,2.766660647201096,4.253162304900146,4.802736139452842
2025-08-26,12.36639898831198,2.7819457478396528,4.276637136994858,4.72124546051949
2025-08-27,12.269226418394735,2.790929948222728,4.287797303072671,4.676591844499014
2025-08-28,12.474709195158098,2.8045815040572184,4.316081584662362,4.871649431051776
2025-08-29,12.44134046985079,2.7822956662808287,4.255086471465286,4.978681561927161
2025-09-02,12.149111956852288,2.7537095203275377,4.212371907554916,4.960354511811296
2025-09-03,12.264324222496722,2.7738952553782936,4.265861804230072,4.840620482136063
2025-09-04,12.863235381482001,2.80499003827788,4.317812367653116,4.8336723964998445
2025-09-05,12.78157310760316,2.794838851012306,4.3164664179753895,4.819408916404386
2025-09-08,12.572843758989316,2.8044648645768264,4.340708982860414,4.958318403486321
2025-09-09,12.07112944047807,2.8132163780776986,4.360142098250458,5.0514481375159965
2025-09-10,12.027500059245522,2.8241254259265287,4.362066264815599,5.029512330093729
2025-09-11,12.176788446018776,2.855979253566533,4.400549596118405,4.910088195621347
2025-09-12,12.040222271980339,2.854637603502737,4.4246007112647865,5.016075467782658
2025-09-15,12.463408709453473,2.8747647227740067,4.476166441374803,4.932549372254695
2025-09-16,12.460917018415678,2.8696432430512178,4.472702941557549,4.991947566838447
2025-09-17,12.556239398866053,2.8653713960916893,4.455000609158259,4.966243212395808
2025-09-18,12.94342579144654,2.883686754906111,4.506374889529632,4.996037076747484
2025-09-19,13.032955006006844,2.902236576838478,4.545625953622751,5.123146335558399
2025-09-22,13.538381819233113,2.9210196777316284,4.584685567977227,5.096875453948051
2025-09-23,12.902419111839468,2.9000713454689704,4.531965337928127,5.1488963442050295
2025-09-24,12.821832639187763,2.886963909850115,4.51349333890278,5.052330785459827
2025-09-25,12.325852115189603,2.8691749088939082,4.48578534036476,4.9990253519178225
2025-09-26,11.921850893345885,2.890650191093362,4.51022128882417,4.9369110780617715
2025-09-29,12.801528018772817,2.901592987421291,4.536389954110077,4.987109258810915
2025-09-30,12.666472015315136,2.91645593603183,4.55370745319634,5.008623802441808
2025-10-01,12.652984480050174,2.9313188846423697,4.577180351455308,4.858418358523847
2025-10-02,12.74381810400563,2.9351810132240748,4.598922466723521,4.793079929443503
2025-10-03,13.80350992258492,2.9347126790667657,4.583531068038143,4.859286480130045
2025-10-06,14.094149133183782,2.949165909299482,4.6229735818699025,4.85192854425345
2025-10-07,13.754815384931408,2.9347126790667657,4.585455234603283,4.918795697437139
2025-10-08,14.281711261367569,2.958118729517781,4.647987747216726,4.789787638778404
2025-10-09,14.095213479309528,2.9470006779299744,4.643561197199031,4.9098014733856745
2025-10-10,12.815780395189924,2.839800114271166,4.4424944934027195,4.942519281983882
2025-10-13,13.1179102504127,2.898491679815745,4.562556685560242,4.725353647148341
2025-10-14,13.006114452528545,2.8941026012972437,4.520226954962899,4.803046380520874
2025-10-15,13.318997191305389,2.910487191860103,4.556786119700565,4.779110434752534
2025-10-16,13.524571750435117,2.8853256284174034,4.5304260046760145,4.760037699304811
2025-10-17,13.628725321686389,2.9070347816562214,4.559286569317376,4.688666689724346
2025-10-20,14.36782740775227,2.9474103963077978,4.635481631461186,4.686436205167226
2025-10-21,14.125812606394662,2.94647432007176,4.626630465261541,4.836492927057034
2025-10-22,14.161448461862978,2.9273395245016918,4.574486518264112,4.950909625428008
2025-10-23,14.686542986285913,2.9496342434567913,4.623551798757317,4.8508674298758345
2025-10-24,15.252741944941665,2.982110345685079,4.688008477935901,4.9201539100058795
2025-10-27,15.533837125520932,3.0293907807444205,4.794027154921515,4.962270604918203
2025-10-28,16.083193426505535,3.039572756096189,4.840781501700808,5.001295265105663
2025-10-29,16.25145604382875,3.0417379874656962,4.872914116420779,5.0005153391208115
2025-10-30,15.86791907516923,2.997967986311143,4.780364605391147,4.855912911147235
2025-10-31,15.717683977704827,3.0096710115366507,4.815769270189729,4.837310898211877
2025-11-03,15.687774526411967,3.0182147054557085,4.842705668265949,4.9678449140525025
2025-11-04,14.394289948418102,2.9721042176717694,4.723796042211766,4.979724691315325
2025-11-05,14.48452646170702,2.984392216534978,4.76074004026246,4.746928025455678
2025-11-06,13.728926866129672,2.9411491653172206,4.651257863459593,4.815287586898627
2025-11-07,13.180561708243376,2.945947370134964,4.639136581017081,4.781450558572269
2025-11-10,13.80624433157522,3.0072719091277795,4.768051873209993,4.86708643170892
2025-11-11,13.771529549680483,3.015113397850163,4.753619657053569,4.9721409054750465
2025-11-12,13.501350911361651,3.0179222186368575,4.738419708106833,4.988237125168609
2025-11-13,12.341854608274067,2.9524430642434867,4.6071973498714955,4.962336319302736
2025-11-14,12.392485212205175,2.95162362748784,4.614892082296314,4.807062912876561
2025-11-17,11.87100973159184,2.9146418072606597,4.567944351942635,4.809561097084356
2025-11-18,12.00562653502151,2.8822243208118583,4.500409006259826,4.6151506242866525
2025-11-19,12.719377627661402,2.8968528063044525,4.5325416209797975,4.614330923805901
2025-11-20,12.581873163819726,2.8372837803033217,4.414595045126057,4.62138968630028
2025-11-21,12.866926991199305,2.875377524104999,4.46269727541882,4.487057724898834
2025-11-24,13.689065026677394,2.9326060634767446,4.609697799488306,4.540439248780825
2025-11-25,13.899508313992095,2.969587883703925,4.647409530329313,4.581780168090479
2025-11-26,13.980239352534438,2.9969732942956187,4.693780977631321,4.697599003908277
2025-11-28,13.805371171125001,3.0193260369516244,4.730916425420657,4.6098637291183895
2025-12-01,12.752485131832927,3.0004843202789875,4.730916425420657,4.651349565939197
2025-12-02,13.695664546598646,3.0073305249072657,4.743037707863169,4.616934942759313
2025-12-03,13.994917399380446,3.021549884100618,4.753043374001899,4.711633175388234
2025-12-04,14.262579259093002,3.0250022943045005,4.765549489757439,4.806761664303255
2025-12-05,14.11593780578934,3.0323754488695736,4.784021488782785,4.829919759277834
2025-12-08,13.841667978591568,3.020379344746635,4.776516272260866,4.8676799363608065
2025-12-09,13.986188487624943,3.017161397660698,4.784212938521428,4.944642202469478
2025-12-10,14.694210732581128,3.0429665505205845,4.803261220598445,4.9801891882544185
2025-12-11,14.178216155246309,3.0527388074945305,4.788446104964736,5.034591706152942
2025-12-12,14.144567576026088,3.0093199089383145,4.691087144440125,5.019888631411476
2025-12-15,13.755608211462464,3.003351756845168,4.65780002978107,4.943991630062602
2025-12-16,14.059591435907093,2.992215350821361,4.671075812162666,4.783140109985128
2025-12-17,14.020607779097642,2.9485838960546844,4.568329185255663,4.830013488742089
2025-12-18,14.615644767160438,2.978474391121189,4.6452939140255305,4.805553903088576
2025-12-19,14.900513115805198,3.0136491875201674,4.718986592716788,4.8850091654273164
2025-12-22,14.82308062236131,3.0391346179464938,4.74938649061026,4.917890222391312
2025-12-23,14.898080419293128,3.0575737211842755,4.78190393864326,4.9998118493411265
2025-12-24,14.87759004155215,3.071784791277498,4.794603437973184,4.918096012174455
2025-12-26,15.115487579664038,3.071080217766502,4.78971083354122,4.928807110988137
2025-12-29,14.785522839124257,3.0572214344287776,4.76050991380894,4.946803168125065
2025-12-30,14.301717255250722,3.051407814845186,4.746973063601923,4.930211323626051
2025-12-31,14.043620795266,3.0221638695887716,4.703655142939469,4.902867222356726
2026-01-02,13.462863482243,3.0295044598319087,4.702108074344381,4.842383356967455
2026-01-05,14.432858559853987,3.056516860917781,4.74136493994473,4.649395427662297
2026-01-06,14.7248740524367,3.0805931443221146,4.778494586226834,4.716322415522429
2026-01-07,14.561038111801526,3.0673217029364137,4.787970381371747,4.853558952720229
2026-01-08,14.746585364999234,3.0668521846219434,4.7624437495528005,4.9507411890844955
2026-01-09,14.294042691007522,3.0934536831728305,4.809242574554202,4.815360910317158
2026-01-12,14.76918366452395,3.1002063393853634,4.824713260505079,4.78157714522879
2026-01-13,14.697648544486212,3.0922203834892965,4.818718369699114,4.780217549199323
2026-01-14,13.501544982123661,3.072372133229522,4.76050991380894,4.653132155085948
2026-01-15,13.664037942740649,3.083118359468669,4.774626914739116,4.536929754781586
2026-01-16,13.361049419899926,3.0792426130796073,4.770952626825783,4.460449624736278
2026-01-20,12.100784323980019,2.9966784391624453,4.63326352186298,4.352446650295715
2026-01-21,11.371359153751404,3.042012119848546,4.699787471451749,4.232039566976793
2026-01-22,11.275668859693305,3.063387340767867,4.751614269387187,4.24135406218656
2026-01-23,11.350571043078189,3.065031542986385,4.767471722486835,4.412601943762321
2026-01-26,11.266101240350057,3.086465379685192,4.792224820008237,4.402215958219486
2026-01-27,11.560636630676518,3.1026729387524314,4.845018535815605,4.508534223359734
2026-01-28,11.741714636452025,3.102966609728443,4.855074481683674,4.416847784733511
2026-01-29,12.355406383872051,3.0935122989523167,4.812723478893149,4.3811060768512435
2026-01-30,10.977683101741574,3.0814155414706645,4.758382694490694,4.094966969875142
2026-02-02,11.175097255785852,3.102026981020921,4.790484367838764,4.028227786808702
2026-02-03,9.981913903536357,3.066969416180915,4.707716198001574,4.024463390170512
2026-02-04,9.454216565931786,3.047708507873165,4.621660507399822,3.7013941825476433
2026-02-05,9.285417854943134,2.996208328769394,4.532317296033509,3.6958440839760662
2026-02-06,9.06267987767632,3.0740749512275265,4.652795262875961,3.5009660014526336
2026-02-09,9.740312307036016,3.0935122989523167,4.704235293662627,3.65181613806938
2026-02-10,10.703067030896428,3.0821201149816604,4.670973318868242,3.693099989624044
2026-02-11,9.935607376567596,3.081532773029636,4.661884290872101,3.7750060526406815
2026-02-12,9.35053134275434,3.0185817941757227,4.54662768053807,3.603695569467021
2026-02-13,9.417382209276498,3.021107009322277,4.534831282500527,3.588462629267112
2026-02-17,9.414387288452142,3.027448762999825,4.542760009050351,3.703924532217341
2026-02-18,10.329891727438717,3.048060794628663,4.58588454613842,3.61331235084564
2026-02-19,10.585009974025215,3.0382541970970385,4.569446942315613,3.6671732438695397
2026-02-20,10.856326062995846,3.066558513645931,4.61933990450719,3.6477629440044277
2026-02-23,9.90125855935771,3.0253936582463226,4.555910092108596,3.5506761664303257
2026-02-24,9.821375977618436,3.0548726586992627,4.614118547998769,3.2274547781274867
2026-02-25,9.84777813862105,3.0885796922967614,4.684896936224031,3.3641579912150243
2026-02-26,10.505357186785666,3.0660297874733935,4.617792835912103,3.4732120499429326
2026-02-27,10.03579968928005,3.0482366419671214,4.566352805125438,3.646650295714731
2026-03-02,9.804448166093822,3.0486481365806872,4.586271313287192,3.552316259122194
2026-03-03,10.057505289925768,3.0129446140091707,4.529223158843334,3.628269290630512
2026-03-04,10.873140727352993,3.041777656730601,4.600775081366138,3.716591498633833
2026-03-05,11.526575351903515,3.0193449834662056,4.586658080435964,3.758354373465223
2026-03-06,11.086409026366487,2.9661425784430113,4.498475170515966,3.9226624701691275
2026-03-09,11.415342837703244,3.0010823196454632,4.574474915249648,3.9649749247743236
2026-03-10,10.879473908092313,2.9938595530398793,4.575248449547193,3.9456566250475564
2026-03-11,10.91683732065908,2.989572904115834,4.580083038906841,3.8106377753951506
2026-03-12,10.616239724375678,2.9282661274804394,4.480683881672459,3.816801438799156
2026-03-13,10.217203490227801,2.9062449488296083,4.430404152332109,3.7238501712032654
2026-03-16,10.64549312679868,2.9456477783731456,4.4965413347721075,3.7210355203541656
2026-03-17,10.72798524677328,2.956620178630108,4.522454733739825,3.717546086535468
2026-03-18,10.355664176298664,2.902804972275921,4.442007166795267,3.77888873517103
2026-03-19,10.182350322428361,2.8914998238566225,4.426729864418776,3.755597136236295
2026-03-20,9.553127847967302,2.834799418578834,4.318241679188253,3.7503704216096567
2026-03-23,9.970133793920942,2.876250247932906,4.392114204603689,3.6707723169508526
2026-03-24,9.527407880445748,2.8638266630747236,4.346669064622989,3.761840002766921
2026-03-25,9.793803686110325,2.884493165932983,4.388053149541584,3.525585376820116
2026-03-26,9.508114575460237,2.8154277915764983,4.259646456149308,3.5312897312627545
2026-03-27,9.240721858024173,2.750543084078119,4.146517065133521,3.5757375575000863
2026-03-30,9.248649110964655,2.738414354353109,4.10880726812826,3.374834503510532
2026-03-31,9.989136455921086,2.8460453591400654,4.304704828981236,3.436136340054647
2026-04-01,9.987763990747796,2.8746019011643225,4.366394189210356,3.561451250302632
2026-04-02,9.942705884600777,2.879901004461312,4.375869984355269,3.5869311382423135
2026-04-06,9.944730695059238,2.896975958649232,4.404877520513162,3.6409608134749076
2026-04-07,9.809564791529318,2.900037596989873,4.410098877021583,3.636686957423996
2026-04-08,10.078138470049222,2.997835952787654,4.5619049829145615,3.6019026043648186
2026-04-09,9.264940042536406,3.021504886128487,4.608123657192805,3.4893660291218476
2026-04-10,9.086039693956444,3.019208805392651,4.627655398205786,3.236847784733511
2026-04-13,9.425374656432574,3.0599532849999855,4.696693334261574,3.0253425794625253
2026-04-14,9.584172906551453,3.1079394777274842,4.808469040256659,3.24374641164874
2026-04-15,10.560326861727768,3.1403232156971876,4.901099772387532,3.199774841766679
2026-04-16,10.398582463676334,3.149449514939622,4.9223719655699885,3.4430418842735104
2026-04-17,10.830878529519456,3.200203082953169,5.012295327659459,3.5145111195655936
2026-04-20,11.284481063562724,3.192725722557898,4.99643787455981,3.5317535364714843
2026-04-21,10.934815799178953,3.1641105647541545,4.96104868044718,3.6354131359596034
2026-04-22,10.946551856537003,3.2072689487348756,5.058514001937703,3.655353647148342
2026-04-23,10.205622039550445,3.1906646970185877,5.004753368258406,3.7099515788745547
2026-04-24,10.361526757943421,3.2232840822633984,5.102798840472087,3.412602289627504
2026-04-27,10.202211400662442,3.2304671796040774,5.11517538923279,3.5323615674610043
2026-04-28,9.928481457263267,3.2096242373287787,5.060447837681562,3.5493632622003943
2026-04-29,9.942375763460129,3.209212150636632,5.062768440574194,3.550273579358766
2026-04-30,9.883117382121075,3.2514871533749954,5.116529074253491,3.569367066717394
2026-05-01,10.620321048000518,3.262909533353267,5.171256625804717,3.526714626638536
2026-05-04,10.477136298852045,3.24748351801251,5.160040378490332,3.8188116072354994
2026-05-05,8.355048835768256,3.2803965742333316,5.223856958037698,3.9279282675613043
2026-05-06,8.12824126560466,3.3418075566989254,5.350136432111729,3.9757423996126313
2026-05-07,8.859801639618134,3.3273821541594994,5.342014321987518,3.8192785252308648
2026-05-08,8.453963307310218,3.362768914690358,5.450889274366813,3.969031923356276
2026-05-11,7.519096879248341,3.373249297646783,5.45823785019348,3.9734780202676996
2026-05-12,7.334841698782588,3.366536902777736,5.412599326638394,3.8411313250095116
2026-05-13,6.947926543908784,3.390854162164403,5.489565989244005,3.7108255801888426
2026-05-14,7.1564441230845635,3.4251218941777957,5.547000910836635,3.591821326047107
2026-05-15,7.495651676653667,3.371482535162066,5.446828219304709,3.6638664268668073
2026-05-18,7.740782928112964,3.3683030731838732,5.414339778807867,3.7818718223636427
2026-05-19,7.614501856906038,3.340512088764421,5.360385761554184,3.9295541797807214
2026-05-20,8.030441635379013,3.3852607958128207,5.458818000916638,3.959712586033964
2026-05-21,8.035858102167493,3.3934445059548306,5.4651996588713745,4.020514647390447
2026-05-22,7.872540738043989,3.410872931055409,5.477962974780848,3.946361152422786
2026-05-26,8.056789900788333,3.439665120354773,5.554929637386459,4.046955348805036
2026-05-27,8.303276252170008,3.4404892937390654,5.559570843171722,4.037790613218967
2026-05-28,9.148345674010582,3.464040995520926,5.618939600508211,3.9178795005706775
2026-05-29,9.459551617883582,3.475109904586537,5.632863217864001,4.0988078027185
2026-06-01,10.124195931383943,3.486709316060427,5.6612906032987365,4.506602220454467
2026-06-02,9.424042794350612,3.492832592741709,5.6632244390425965,5.009098329471172
2026-06-03,9.148548377301395,3.458624068586383,5.604435832429265,4.810421609656556
2026-06-04,9.394950066387441,3.4797026581367874,5.599794626644001,4.530866046415108
2026-06-05,8.834127604178649,3.3624154437776976,5.324416416718397,4.540942136755093
2026-06-08,8.941307847750167,3.372719387317085,5.379143968269623,4.379937398402102
2026-06-09,8.918246346130264,3.361473446755854,5.317261224466116,4.317144537059455
2026-06-10,8.679051335902038,3.291819546290183,5.191948668264015,4.2068038598554285
2026-06-11,8.853006045324388,3.363239617161989,5.349556281388571,4.147820357624598
2026-06-12,8.481547317262773,3.3873212292735486,5.369474789550325,4.125547677515304
2026-06-15,8.89215170752391,3.4652837684617497,5.56924002189102,4.112556289558331
2026-06-16,8.963197791837512,3.43966156788329,5.49266012643418,4.156983363884758
2026-06-17,8.45526780357977,3.3841666345957435,5.405057367237341,4.0799927368311835
2026-06-18,8.536478383254796,3.428444639172511,5.527275786249267,3.9509618510704527
2026-06-22,8.415678591572338,3.414688877507823,5.441800246370674,3.941589250510151
2026-06-23,8.426382924995671,3.3518734846488822,5.29888978489945,3.838488223290561
2026-06-24,9.17940184275742,3.349039204483219,5.272202851634187,3.896178189741639
2026-06-25,8.915385863525366,3.348094839147052,5.243582082625066,3.92796285407948
2026-06-26,9.37524664534119,3.310724023292371,5.228304780248575,3.8405513090997134
2026-06-29,9.042920978359072,3.393494240555606,5.356711473640851,4.139957112717463
2026-06-30,9.100431815695877,3.42124200323867,5.4537900279826035,4.27671358904299
2026-07-01,9.822251406908187,3.4224818157865906,5.411052258043306,4.358069034690278
2026-07-02,9.534323487680602,3.41852613878914,5.359612227256641,4.547684432608169
2026-07-06,9.585277981081036,3.455896954643821,5.430777382630674,4.606243212395808
2026-07-07,9.838257975735452,3.4341712232047437,5.355937939343308,4.703705945422474
2026-07-08,9.656338670679213,3.4222455764329043,5.36870125525278,4.7579642375402065
2026-07-09,10.01651651293154,3.457609245899116,5.451469425089972,4.644912323176426
2026-07-10,9.963448143562069,3.4756741554739143,5.469840864656637,4.7737349980977415
2026-07-13,10.23673970038994,3.4430269425358135,5.369281405975939,4.65662262650019
2026-07-14,10.372339698445952,3.4580225167484224,5.426716327568569,4.78528032372981
2026-07-15,9.977585099864367,3.4773272388711423,5.46635996031769,4.846921108152042
2026-07-16,10.187171290645203,3.4538898082553517,5.370828474571026,4.802712274755301
2026-07-17,10.350760682861933,3.4084311989887297,5.281872030353485,4.827854598277591
2026-07-20,10.429241652442931,3.400402021356274,5.27877789316331,4.818851035866219
2026-07-21,10.175257250762005,3.4393075048920494,5.359998994405413,4.827785771106423
2026-07-22,9.731380307050282,3.4332854736480627,5.324029649569624,4.633530245910144
2026-07-23,9.126876684298477,3.378322226925958,5.18788761320191,4.397077093349012
2026-07-24,9.333324566969818,3.382690582694135,5.148050596878402,4.264639435548023
2026-07-27,10.685975808254497,3.383812571604503,5.137414500287174,4.429426901393836
2026-07-28,11.048703792349002,3.393671864129807,5.123684266505772,4.672661086708401
2026-07-29,11.036968019260685,3.3281400147427567,5.016743149870336,4.8158672569432435
2026-07-30,10.21585172308599,3.3994570639415267,5.183826558139804,4.929409608134749
2026-07-31,9.717553860947016,3.4296844517204317,5.246289452666469,4.8516560024902295
2026-08-03,9.61785959878857,3.4946254066839746,5.379337351844009,4.930958738283817
2026-08-04,10.197756902667866,3.57414866501082,5.544873691518389,5.1126292671116795
2026-08-05,12.704499285583625,3.5657062165290574,5.490339523541549,5.350860166707018
2026-08-06,13.051369173540408,3.5584443727371493,5.48647185205383,5.389565247466537
2026-08-07,13.580095510738193,3.5856018330752857,5.570787090486108,5.267427454778128
2026-08-10,14.049235574073325,3.5856610409333527,5.55009504802681,5.525494414277315
2026-08-11,13.818598622984096,3.570842498216363,5.510644798852075,5.69745546985785
2026-08-12,13.45870848634404,3.582414081996963,5.546227376539091,5.6944042472244325
2026-08-13,14.233355281697134,3.613585243033455,5.599021092346458,5.626271227475531
2026-08-14,13.670567607171419,3.6051433866302736,5.581036419928564,5.999081382077266
2026-08-17,12.994046700647807,3.5830043843418897,5.560731144618038,5.818398644208488
2026-08-18,12.819156808301843,3.5516555997311965,5.472935001846813,5.646652716771002
2026-08-19,12.758128718378565,3.5620459867433603,5.482217413417339,5.726181302528275
2026-08-20,12.834855267341732,3.524261900039373,5.418207450295586,5.777712793553073
2026-08-21,12.885951495490222,3.5417963072058916,5.44624806858155,5.709814962127763
2026-08-24,13.009091653712803,3.528926295097885,5.396935257113132,5.803787223740186
2026-08-25,13.428347422478904,3.5436264220987406,5.439092876329271,5.761687476221769
2026-08-26,13.010161875019316,3.5438034535943608,5.4338715198208485,5.671465084909902
2026-08-27,13.465989505523558,3.5739124256571326,5.5350111292247055,5.707413620170858
2026-08-28,13.546151460413606,3.563580654424455,5.5009756201327775,6.206175422820184
2026-08-31,12.82302095873082,3.550238755687655,5.493433660731724,6.184210216857469
2026-09-01,12.087695105366974,3.5184174923695872,5.426716327568569,6.223250095112924
2026-09-02,12.220879722478617,3.538844203402676,5.455723863726462,5.98027046657213
2026-09-03,12.464152892004822,3.5879630424549944,5.546227376539091,5.849219382284786
2026-09-04,12.457125410364808,3.569012383323515,5.528242704121197,6.023771659807008
2026-09-08,11.244098039037333,3.541146797002898,5.507163894513128,5.818926434475841
2026-09-09,10.478103606527045,3.5228450559958313,5.466166576743304,5.612251928198389
2026-09-10,10.527122878928633,3.495865219231897,5.424975875399095,5.509473593193373
2026-09-11,10.74047912846735,3.5335900980778163,5.487052002776988,5.498938193892021
2026-09-14,11.204952376411539,3.5132812106822815,5.450502507218042,5.489711202573237
2026-09-15,10.84302987755155,3.4931659329826257,5.400416161452079,5.902370214090547
2026-09-16,10.99302580326112,3.4739233791108752,5.3998360107289205,5.890030436135994
2026-09-17,10.787775254106469,3.5239540191774257,5.508130812385057,5.836086535468475
